variante,full_CAGR%,full_DD%,full_Calmar,full_PF,oos_CAGR%,oos_DD%,oos_PF
APEX base (riferimento),83.49,-24.6,3.39,6.64,18.92,-22.15,3.61
"A1 conc.: risk 15, cap 50, max 3 pos",93.61,-34.6,2.71,6.42,4.07,-34.6,1.48
A2 rotazione top-2 momentum,52.47,-24.67,2.13,4.67,31.05,-21.22,3.94
"A3 top-2 + risk 15, cap 60",34.52,-37.38,0.92,2.8,12.11,-26.45,2.03
A4 leva 1.5x su base,86.08,-32.44,2.65,5.39,29.87,-28.71,3.11
A5 leva 2x su base,85.76,-32.99,2.6,5.39,29.77,-28.71,3.11
"A6 top-1, cap 100, risk 20",32.27,-25.53,1.26,3.42,7.83,-25.53,2.04
A7 = A3 + leva 1.5x,71.7,-33.98,2.11,4.68,39.82,-31.61,3.94
APEX-X finale (top3 r15 c50 lev2 tr5),111.3,-36.76,3.03,6.69,68.22,-30.82,4.62
