ch_len,trail,exit_ema,risk,avg_cagr,min_cagr,avg_dd,worst_dd,avg_sharpe,score
30,5.0,20,100.0,46.5,11.2,-51.2,-72.7,0.88,0.6396148555708391
30,4.0,20,100.0,46.2,10.5,-51.4,-72.7,0.86,0.6354883081155434
20,4.0,20,100.0,47.6,11.2,-53.5,-78.4,0.87,0.6071428571428571
20,5.0,20,100.0,47.8,15.3,-53.5,-78.8,0.88,0.6065989847715736
30,5.0,30,100.0,44.1,12.5,-50.1,-73.7,0.85,0.598371777476255
20,5.0,30,100.0,45.7,9.9,-55.0,-80.3,0.87,0.5691158156911582
30,4.0,30,100.0,43.1,11.2,-51.7,-75.8,0.83,0.5686015831134565
20,4.0,30,100.0,44.8,11.8,-55.5,-81.3,0.85,0.5510455104551045
30,3.0,20,100.0,39.8,9.1,-50.3,-75.3,0.82,0.5285524568393094
20,3.0,20,100.0,41.3,11.8,-52.2,-81.2,0.83,0.5086206896551724
30,3.0,30,100.0,38.8,9.5,-49.9,-76.5,0.79,0.5071895424836601
20,3.0,30,100.0,40.8,8.4,-53.3,-81.9,0.82,0.4981684981684981
30,3.0,20,1.5,5.1,1.3,-7.3,-10.6,0.68,0.4811320754716981
30,3.0,20,2.0,6.6,1.7,-9.5,-13.9,0.7,0.4748201438848921
30,3.0,20,3.0,9.5,2.5,-13.5,-20.1,0.72,0.47263681592039797
30,4.0,20,3.0,8.0,2.2,-12.4,-18.1,0.73,0.4419889502762431
20,4.0,20,3.0,8.4,2.3,-13.5,-19.2,0.76,0.43750000000000006
30,3.0,30,1.5,5.0,0.9,-7.7,-11.6,0.65,0.4310344827586207
30,4.0,20,2.0,5.5,1.4,-8.8,-12.8,0.7,0.4296875
20,4.0,20,2.0,5.8,1.6,-9.6,-13.5,0.73,0.42962962962962964
30,4.0,20,1.5,4.2,1.1,-6.8,-9.8,0.69,0.42857142857142855
30,3.0,30,2.0,6.5,1.2,-10.0,-15.2,0.66,0.4276315789473684
30,3.0,30,3.0,9.3,1.8,-14.3,-21.8,0.69,0.42660550458715596
20,4.0,20,1.5,4.4,1.2,-7.4,-10.4,0.72,0.4230769230769231
20,3.0,20,2.0,7.0,1.8,-10.5,-16.7,0.73,0.4191616766467066
30,4.0,30,3.0,7.7,2.9,-13.0,-18.4,0.69,0.41847826086956524
20,3.0,20,3.0,10.0,2.7,-15.0,-24.0,0.75,0.4166666666666667
30,5.0,20,3.0,6.5,2.2,-9.8,-15.6,0.74,0.4166666666666667
20,5.0,20,3.0,6.8,2.4,-11.0,-16.5,0.77,0.4121212121212121
20,3.0,20,1.5,5.3,1.4,-8.1,-12.9,0.72,0.4108527131782945
30,4.0,30,2.0,5.3,2.0,-9.3,-13.0,0.67,0.4076923076923077
30,5.0,30,3.0,6.3,2.7,-10.9,-15.6,0.68,0.40384615384615385
30,4.0,30,1.5,4.0,1.5,-7.2,-10.0,0.65,0.4
20,5.0,20,2.0,4.6,1.6,-7.8,-11.7,0.75,0.39316239316239315
20,4.0,30,3.0,8.1,3.0,-14.2,-20.7,0.72,0.391304347826087
20,3.0,30,3.0,9.9,2.0,-16.1,-25.4,0.73,0.3897637795275591
20,3.0,30,2.0,6.9,1.4,-11.3,-17.8,0.71,0.38764044943820225
20,3.0,30,1.5,5.3,1.0,-8.7,-13.7,0.69,0.38686131386861317
40,4.0,20,100.0,27.2,8.6,-48.0,-70.5,0.7,0.38581560283687943
20,4.0,30,2.0,5.6,2.0,-10.1,-14.6,0.7,0.3835616438356164
40,5.0,20,100.0,27.1,9.2,-48.3,-70.9,0.71,0.382228490832158
30,5.0,20,2.0,4.4,1.5,-7.1,-11.7,0.72,0.3760683760683761
20,4.0,30,1.5,4.2,1.5,-7.9,-11.2,0.68,0.37500000000000006
20,5.0,20,1.5,3.5,1.2,-6.1,-9.4,0.73,0.3723404255319149
30,5.0,30,2.0,4.3,1.8,-7.9,-11.7,0.66,0.36752136752136755
30,5.0,20,1.5,3.4,1.1,-5.5,-9.4,0.71,0.36170212765957444
20,5.0,30,3.0,6.6,2.7,-12.2,-18.3,0.71,0.360655737704918
40,5.0,30,100.0,25.6,10.5,-48.9,-71.7,0.68,0.35704323570432356
20,5.0,30,2.0,4.5,1.8,-8.7,-12.8,0.69,0.3515625
30,5.0,30,1.5,3.3,1.4,-6.1,-9.4,0.65,0.351063829787234
20,5.0,30,1.5,3.4,1.4,-6.8,-9.8,0.68,0.346938775510204
40,4.0,30,100.0,25.3,9.3,-48.7,-73.2,0.67,0.34562841530054644
55,5.0,30,100.0,26.1,8.6,-47.0,-78.3,0.69,0.33333333333333337
40,4.0,20,3.0,5.6,2.2,-11.8,-16.8,0.63,0.3333333333333333
55,5.0,20,100.0,26.0,9.7,-46.7,-78.1,0.68,0.3329065300896287
40,3.0,20,3.0,6.4,2.3,-12.3,-19.4,0.6,0.3298969072164949
55,4.0,20,100.0,25.4,9.0,-46.5,-77.3,0.67,0.32858990944372574
40,3.0,20,2.0,4.5,1.6,-8.7,-13.7,0.59,0.3284671532846716
55,4.0,30,100.0,25.2,10.2,-46.2,-78.2,0.67,0.32225063938618925
40,4.0,20,2.0,3.8,1.5,-8.4,-11.8,0.61,0.3220338983050847
40,5.0,20,3.0,4.6,2.1,-9.3,-14.3,0.64,0.3216783216783216
40,3.0,20,1.5,3.4,1.2,-6.8,-10.6,0.58,0.32075471698113206
40,4.0,20,1.5,2.9,1.1,-6.5,-9.1,0.61,0.31868131868131866
40,5.0,20,1.5,2.4,1.1,-5.0,-7.6,0.62,0.3157894736842105
40,3.0,20,100.0,23.0,7.2,-46.5,-73.3,0.64,0.31377899045020463
40,5.0,20,2.0,3.1,1.4,-6.5,-10.0,0.62,0.31
40,3.0,30,1.5,3.3,0.8,-7.4,-10.8,0.54,0.3055555555555555
40,3.0,30,3.0,6.2,1.6,-13.6,-20.4,0.56,0.303921568627451
40,3.0,30,2.0,4.3,1.1,-9.6,-14.2,0.55,0.3028169014084507
40,4.0,30,3.0,5.3,2.9,-12.4,-17.6,0.59,0.3011363636363636
40,3.0,30,100.0,22.1,7.0,-46.4,-73.9,0.62,0.29905277401894453
40,4.0,30,2.0,3.7,2.0,-8.8,-12.4,0.57,0.29838709677419356
40,4.0,30,1.5,2.8,1.5,-6.9,-9.5,0.56,0.29473684210526313
40,5.0,30,3.0,4.4,2.6,-10.2,-15.2,0.58,0.2894736842105263
55,3.0,30,100.0,21.7,4.8,-43.2,-75.2,0.61,0.28856382978723405
40,5.0,30,1.5,2.3,1.3,-5.5,-8.1,0.56,0.2839506172839506
40,5.0,30,2.0,3.0,1.8,-7.1,-10.6,0.57,0.2830188679245283
55,3.0,20,100.0,21.0,7.4,-43.9,-76.2,0.61,0.2755905511811024
55,4.0,20,3.0,4.8,1.7,-11.7,-17.9,0.57,0.2681564245810056
55,5.0,20,3.0,4.0,1.8,-9.4,-15.0,0.58,0.26666666666666666
55,4.0,20,2.0,3.3,1.2,-8.3,-12.4,0.56,0.2661290322580645
55,3.0,30,1.5,2.9,0.5,-7.1,-10.9,0.49,0.2660550458715596
55,5.0,20,1.5,2.1,0.9,-5.1,-7.9,0.57,0.26582278481012656
55,4.0,30,3.0,4.8,2.5,-12.3,-18.2,0.55,0.26373626373626374
55,4.0,20,1.5,2.5,0.9,-6.4,-9.5,0.55,0.2631578947368421
55,3.0,30,3.0,5.4,1.0,-13.1,-20.6,0.51,0.2621359223300971
55,5.0,20,2.0,2.7,1.2,-6.6,-10.3,0.57,0.2621359223300971
55,3.0,20,2.0,3.8,1.2,-8.6,-14.5,0.52,0.26206896551724135
55,4.0,30,2.0,3.3,1.7,-8.7,-12.6,0.54,0.2619047619047619
55,3.0,20,1.5,2.9,0.9,-6.7,-11.1,0.51,0.26126126126126126
55,3.0,30,2.0,3.7,0.7,-9.2,-14.2,0.5,0.2605633802816902
55,3.0,20,3.0,5.4,1.7,-12.2,-20.8,0.53,0.25961538461538464
55,4.0,30,1.5,2.5,1.3,-6.8,-9.7,0.53,0.2577319587628866
55,5.0,30,1.5,2.1,1.1,-5.6,-8.2,0.54,0.25609756097560976
55,5.0,30,3.0,4.0,2.0,-10.3,-15.7,0.55,0.25477707006369427
55,5.0,30,2.0,2.7,1.4,-7.2,-10.8,0.54,0.25
