date,open,high,low,close,volume
2021-01-01,3.15354,3.87354,3.05454,3.66482,81260736
2021-01-02,3.66216,3.93701,3.29926,3.49494,50081958
2021-01-03,3.49429,3.82609,3.39684,3.47294,36997985
2021-01-04,3.47352,3.83196,3.2504,3.59024,39414734
2021-01-05,3.59067,4.34322,3.48549,4.23741,69735075
2021-01-06,4.23397,4.97132,4.1553,4.62036,77632627
2021-01-07,4.60581,4.80898,4.34703,4.47661,53715138
2021-01-08,4.47587,5.81303,4.05475,5.79711,100707264
2021-01-09,5.76671,7.45909,5.62101,7.21853,162227415
2021-01-10,7.21623,7.50171,6.19173,6.5865,96243972
2021-01-11,6.57979,6.98602,5.7755,6.49409,101394969
2021-01-12,6.48762,8.19862,6.45799,7.7827,157738757
2021-01-13,7.75714,8.47857,7.18676,8.46682,107370548
2021-01-14,8.46419,9.52769,8.2286,9.26132,154674301
2021-01-15,9.27043,9.85564,8.63332,9.38001,123418249
2021-01-16,9.38684,13.35924,9.16947,12.87792,302897986
2021-01-17,12.86846,14.38287,12.40022,13.20268,303643624
2021-01-18,13.17922,13.83419,12.68175,12.70157,144213432
2021-01-19,12.71236,13.33199,11.62126,11.79032,147387064
2021-01-20,11.79147,12.99859,11.07972,12.41157,143245334
2021-01-21,12.41855,12.99001,11.14711,11.31012,166420741
2021-01-22,11.30128,13.38075,10.72033,12.71884,190313148
2021-01-23,12.70736,13.47914,12.56253,12.87723,140727865
2021-01-24,12.87248,13.16489,12.27584,12.46392,105137518
2021-01-25,12.45966,12.9288,12.0814,12.2241,89612475
2021-01-26,12.22285,12.71687,11.48374,12.17289,117575609
2021-01-27,12.17948,12.22419,10.83576,11.1848,97215395
2021-01-28,11.18737,12.68406,10.90334,12.00027,115201839
2021-01-29,12.02298,12.60682,11.37697,11.6217,146529369
2021-01-30,11.61605,12.62557,11.31264,11.98442,112936218
2021-01-31,11.99728,15.22438,11.85807,13.51632,351069270
2021-02-01,13.51938,13.51938,12.63804,13.22777,149280612
2021-02-02,13.23548,13.67038,12.80549,13.51505,91074992
2021-02-03,13.5072,14.90488,13.201,14.80505,144515018
2021-02-04,14.79927,15.81354,13.98281,15.36818,180318628
2021-02-05,15.34853,17.99699,15.2205,17.9138,196730774
2021-02-06,17.90973,18.54456,16.03665,17.97602,192597459
2021-02-07,18.02067,24.21028,18.00035,24.20718,545865729
2021-02-08,24.04464,33.30602,23.6696,30.27533,894521369
2021-02-09,30.25591,32.97259,27.57259,31.59889,445128059
2021-02-10,31.59963,59.93984,31.59963,55.29848,2235807129
2021-02-11,54.93386,56.26388,42.22794,47.37032,856224806
2021-02-12,47.15752,54.39251,43.77419,48.65618,688788872
2021-02-13,48.65752,51.9179,43.49149,43.78715,380032573
2021-02-14,43.76674,44.54382,38.32867,38.57595,472803313
2021-02-15,38.54553,43.98727,33.83211,38.1765,492075708
2021-02-16,38.15912,39.49046,35.28501,36.33608,360245755
2021-02-17,36.40126,41.20508,34.22457,37.05215,417547992
2021-02-18,37.05548,43.69624,36.02028,41.01509,433522043
2021-02-19,41.04083,41.21042,38.00141,38.75146,319733162
2021-02-20,38.76971,42.7516,32.88935,36.23387,468606771
2021-02-21,36.10155,37.93278,35.15163,36.14797,213433308
2021-02-22,36.14578,36.25887,26.93321,32.27906,341397482
2021-02-23,32.31003,32.31003,23.41166,27.5629,358695614
2021-02-24,27.58315,31.89815,25.48559,29.93598,367826263
2021-02-25,29.92551,32.03688,26.73953,26.73953,246988832
2021-02-26,26.86048,27.98299,24.98933,25.93981,178639218
2021-02-27,25.96341,27.416,25.25754,25.81447,160106642
2021-02-28,25.82121,25.90975,22.30107,23.82322,156409576
2021-03-01,23.87715,27.76977,23.69798,27.40377,248201636
2021-03-02,27.42073,31.74214,26.01521,27.13516,563934379
2021-03-03,27.1482,29.23093,26.61945,27.27208,305240058
2021-03-04,27.26654,28.73362,24.28048,25.80518,290696777
2021-03-05,25.78189,25.78189,23.6207,24.37805,192065807
2021-03-06,24.34083,25.49649,23.89538,24.92348,138082740
2021-03-07,24.91714,27.86521,24.91714,26.65015,300207534
2021-03-08,26.65593,27.06947,25.17438,25.54599,209982091
2021-03-09,25.54934,34.59547,23.74355,34.2487,1202374920
2021-03-10,34.24569,35.585,28.91279,29.71405,842150960
2021-03-11,29.6512,32.82172,28.46724,30.72899,596126031
2021-03-12,30.78321,31.47625,27.0659,27.98932,431815755
2021-03-13,27.99962,33.13913,27.04964,30.90908,521074219
2021-03-14,30.87592,32.17931,29.05877,29.05877,312497649
2021-03-15,28.98705,30.46323,27.26106,29.01791,334277022
2021-03-16,28.95026,33.16495,27.74861,33.08016,450559779
2021-03-17,33.07618,33.85873,31.00442,32.64583,440750660
2021-03-18,32.65379,35.61005,31.96623,33.30139,439630072
2021-03-19,33.26352,38.43786,31.76274,37.76498,621681221
2021-03-20,37.58756,39.38956,34.34648,34.34648,341937806
2021-03-21,34.3414,35.51163,32.11664,32.81172,328942185
2021-03-22,32.80757,33.54272,28.98901,29.36029,310387936
2021-03-23,29.30771,30.83659,28.35193,28.59127,245730628
2021-03-24,28.5533,30.40034,25.09613,26.0517,292191840
2021-03-25,25.98372,27.46346,24.64168,25.99777,252605201
2021-03-26,25.94686,28.8799,25.90781,28.23791,232181872
2021-03-27,28.24204,28.60502,26.88374,27.63165,175964471
2021-03-28,27.61725,29.49206,27.2473,28.69735,222965831
2021-03-29,28.70987,30.24734,28.26436,29.46957,219894708
2021-03-30,29.47743,30.78316,28.94251,29.62528,221168524
2021-03-31,29.61575,29.88648,26.69946,28.72897,221774579
2021-04-01,28.73258,29.29686,27.99395,28.41875,172089242
2021-04-02,28.33232,29.5741,28.04339,29.11761,167497181
2021-04-03,29.08163,32.78034,28.19956,28.25185,424655897
2021-04-04,28.29935,30.09363,27.91735,29.32971,185849450
2021-04-05,29.31034,32.98377,28.74099,31.24659,447418402
2021-04-06,31.27871,34.55484,30.2006,31.5545,453065493
2021-04-07,31.52111,32.69904,28.70439,29.47651,337039411
2021-04-08,29.58079,31.35803,29.30891,30.76403,177272348
2021-04-09,30.76033,32.42421,30.40953,31.53261,289110798
2021-04-10,31.53628,33.94399,30.88016,31.8038,377650235
2021-04-11,31.8038,32.36648,30.93573,31.60232,211605192
2021-04-12,31.66559,35.65488,31.30671,33.88397,485683846
2021-04-13,33.79821,34.81219,31.74696,33.67353,380251185
2021-04-14,33.63678,39.37592,32.97646,38.46287,975987632
2021-04-15,38.41643,40.80037,36.40647,37.14306,578582518
2021-04-16,37.02239,37.56632,33.17973,35.63132,441000850
2021-04-17,35.53505,36.87984,33.90921,34.34145,299361049
2021-04-18,34.36116,34.69755,23.41156,29.25309,586258120
2021-04-19,29.28713,30.46057,25.6104,26.28307,305510537
2021-04-20,26.13611,28.26931,24.01119,27.34795,351820081
2021-04-21,27.4062,28.40343,25.85303,25.9035,255465065
2021-04-22,25.83031,27.73366,22.96561,24.03496,293095836
2021-04-23,23.98783,24.67383,20.01125,23.49843,381922880
2021-04-24,23.5833,23.89114,21.52036,21.77753,177292845
2021-04-25,21.83056,23.68275,20.46041,21.54312,138398301
2021-04-26,21.62347,26.4771,21.40692,26.45928,264631790
2021-04-27,26.46672,27.8621,25.76924,27.82037,214406079
2021-04-28,27.92024,29.03009,25.88178,28.32757,240501701
2021-04-29,28.29536,29.68246,26.63796,27.92987,218944693
2021-04-30,27.9309,32.98489,27.5284,32.91837,386072188
2021-05-01,32.89854,35.64031,31.76684,31.89084,415039866
2021-05-02,31.794,32.65868,30.4723,31.30496,241565270
2021-05-03,31.32492,37.08236,31.16551,35.93232,613797104
2021-05-04,35.87658,36.13649,29.98292,30.36143,429905095
2021-05-05,30.29296,35.56074,29.8371,35.26312,311207014
2021-05-06,35.25393,39.29724,34.752,37.98084,615820256
2021-05-07,37.97058,43.74395,36.00628,38.04992,812137105
2021-05-08,37.902,39.78215,37.27091,38.32208,350546182
2021-05-09,38.40207,39.36096,35.33116,39.02164,329199843
2021-05-10,38.9265,41.77786,30.21927,34.70149,528356770
2021-05-11,34.69053,37.25491,32.58077,36.82478,342073952
2021-05-12,36.75679,41.44515,32.01625,32.01625,635368557
2021-05-13,32.80631,37.1597,31.04142,34.98024,539807645
2021-05-14,35.04077,37.9841,33.39004,36.9512,343970663
2021-05-15,36.95224,39.83068,34.13847,34.41056,601746075
2021-05-16,34.42939,39.5028,32.61439,36.51881,566714442
2021-05-17,36.55113,37.64341,31.9623,33.66225,457823166
2021-05-18,33.62871,37.67808,33.31675,36.82216,369926391
2021-05-19,36.97643,38.42449,18.67858,23.3839,583118261
2021-05-20,23.13392,28.16626,20.9228,25.19688,356467352
2021-05-21,25.10417,26.71778,18.45418,21.80177,262253583
2021-05-22,21.86619,22.17225,18.33552,18.85114,159666877
2021-05-23,18.84721,19.66555,12.147,15.75615,241105086
2021-05-24,15.62592,20.47766,15.12373,19.41095,248935736
2021-05-25,19.39146,20.18871,17.09158,19.45081,177064640
2021-05-26,19.49205,21.4479,19.0572,20.90568,183798753
2021-05-27,20.83369,21.23142,18.79019,19.00034,120995855
2021-05-28,19.06723,19.59534,16.05772,16.73341,124661585
2021-05-29,16.7303,17.59341,15.20479,16.12749,73317089
2021-05-30,16.17858,17.43728,15.17151,16.53439,66551414
2021-05-31,16.52045,18.19442,15.71696,18.16132,83671863
2021-06-01,18.15764,18.5509,17.15993,17.77317,80656521
2021-06-02,17.75,19.37306,17.175,18.67708,101921641
2021-06-03,18.69639,20.68963,18.28283,20.24371,118155006
2021-06-04,20.27873,20.54257,17.4581,18.2474,108497012
2021-06-05,18.25931,19.14902,16.92938,17.2503,92501652
2021-06-06,17.23608,17.99012,17.12763,17.40011,48841452
2021-06-07,17.39776,18.05964,15.37961,15.52264,129221032
2021-06-08,15.5515,16.0418,13.70093,14.86894,123776326
2021-06-09,14.81075,15.75642,13.67916,15.38689,107246374
2021-06-10,15.392,15.57858,13.78287,14.17641,90307844
2021-06-11,14.20059,14.61023,13.16065,13.41898,79178329
2021-06-12,13.41562,13.87998,12.66057,13.55193,79705597
2021-06-13,13.53106,14.98382,13.27548,14.77557,97026435
2021-06-14,14.7495,15.44448,14.43778,14.96584,99438783
2021-06-15,15.07372,15.51842,14.62602,15.18004,95150889
2021-06-16,14.71995,14.92015,13.92962,14.06768,79021452
2021-06-17,14.08384,15.47448,14.03082,14.83207,100424428
2021-06-18,14.86489,15.27736,13.13954,13.62787,78295122
2021-06-19,13.63835,14.04829,13.23781,13.45773,37953811
2021-06-20,13.39724,14.14352,12.83708,13.97099,55939670
2021-06-21,13.92967,14.06441,11.07856,11.21062,86300256
2021-06-22,11.19222,11.74413,9.37488,10.52658,109716996
2021-06-23,10.55296,11.7904,10.18393,11.19395,76905669
2021-06-24,11.46537,11.75449,10.84375,11.48296,51808717
2021-06-25,11.49389,11.75229,10.20809,10.27067,53164067
2021-06-26,10.24457,10.59716,9.79181,10.27557,42029114
2021-06-27,10.32954,10.98655,10.09862,10.91908,34727228
2021-06-28,10.9475,11.46824,10.72684,11.2863,45312867
2021-06-29,11.30042,12.34983,11.09419,11.85142,60893173
2021-06-30,11.93125,12.08955,11.04294,11.95555,52911536
2021-07-01,11.95031,12.06908,11.01351,11.22981,33886419
2021-07-02,11.22079,11.35106,10.58178,11.13265,40854419
2021-07-03,11.11287,11.67279,10.88422,11.50391,33146235
2021-07-04,11.49773,12.87262,11.21314,12.3501,60403499
2021-07-05,12.33871,12.41979,11.60073,12.02681,64962340
2021-07-06,12.05025,14.19902,12.04526,13.35743,115274691
2021-07-07,13.35441,14.15504,13.05963,13.08975,90665563
2021-07-08,13.11223,13.11223,11.85761,12.11966,66426383
2021-07-09,12.09737,12.8691,11.64798,12.54417,63493395
2021-07-10,12.55366,12.83905,11.8768,12.02574,36867384
2021-07-11,12.02389,12.48771,11.9261,12.41367,31468064
2021-07-12,12.42789,12.83454,11.72299,12.18653,51376241
2021-07-13,12.16184,12.43665,11.77015,11.91467,43903713
2021-07-14,11.90075,12.09323,11.13669,11.7921,43795905
2021-07-15,11.80061,12.09583,11.13898,11.34989,34811185
2021-07-16,11.38936,11.81619,10.84371,10.8609,47233363
2021-07-17,10.81363,11.14822,10.73741,10.92775,32780916
2021-07-18,10.96382,11.27633,10.66114,10.70465,32792037
2021-07-19,10.69786,10.76209,10.04585,10.16977,32476789
2021-07-20,10.18025,10.34118,9.34063,9.65059,35862709
2021-07-21,9.64205,10.74385,9.48374,10.42053,45013149
2021-07-22,10.42743,10.95733,10.24319,10.82859,40893616
2021-07-23,10.8354,11.16061,10.53451,11.09936,35786332
2021-07-24,11.07375,11.44688,10.96057,11.17282,42078775
2021-07-25,11.15053,11.3402,10.76919,11.24079,34788469
2021-07-26,11.24771,12.68622,11.21541,11.49217,94326395
2021-07-27,11.46404,12.27171,11.18835,11.91977,52941102
2021-07-28,11.93222,12.43209,11.70221,12.25693,68268675
2021-07-29,12.31529,12.631,11.98997,12.41838,66712426
2021-07-30,12.42955,13.00237,11.96554,13.00237,71146688
2021-07-31,12.98247,13.60985,12.6049,13.59161,67970748
2021-08-01,13.52872,14.06238,12.65255,12.87743,90946247
2021-08-02,12.86151,13.36973,12.64908,13.00689,54993392
2021-08-03,13.00088,13.51086,12.33503,12.53329,60826755
2021-08-04,12.5608,13.76755,12.42124,13.67993,66911765
2021-08-05,13.69686,13.94102,12.92305,13.83428,76011395
2021-08-06,13.83461,14.96212,13.41156,14.72543,105878541
2021-08-07,14.75772,15.92167,14.62193,15.76119,128714036
2021-08-08,15.83783,16.09191,14.58463,14.81412,78280305
2021-08-09,14.80956,16.72816,14.47417,16.23181,143463343
2021-08-10,16.18202,17.16832,15.80689,16.44844,124902142
2021-08-11,16.42601,17.55473,16.39166,16.74868,122723375
2021-08-12,16.72569,17.53614,15.47869,16.56905,112149586
2021-08-13,16.59777,18.27935,16.41403,18.04875,113858977
2021-08-14,18.0327,18.40706,17.24213,18.06765,101585490
2021-08-15,18.10794,18.82053,17.16545,18.79513,101215297
2021-08-16,18.7715,21.11339,18.49401,19.18263,252835090
2021-08-17,19.07642,25.34668,18.48108,23.53,737983102
2021-08-18,23.42501,30.88437,21.54383,29.89081,1170857988
2021-08-19,30.03548,33.70999,28.80658,30.63427,1116363939
2021-08-20,30.66789,39.1853,29.99939,39.1853,962895338
2021-08-21,39.12645,49.96157,37.80462,43.78691,1931663488
2021-08-22,43.73388,45.00549,40.76094,43.5322,1163748675
2021-08-23,43.63063,53.06848,43.63063,46.45053,1527912599
2021-08-24,46.51773,58.98477,44.31472,55.34585,2249385587
2021-08-25,55.57277,57.43307,45.71042,46.11512,1541625994
2021-08-26,46.25826,48.45748,41.42075,41.42075,1202053529
2021-08-27,41.37186,50.4111,40.33215,50.07779,1672611618
2021-08-28,50.13556,51.76109,46.24362,50.19714,1165188185
2021-08-29,50.23713,52.41293,46.79543,47.50911,790206804
2021-08-30,47.48258,48.22608,41.14146,41.32508,863132838
2021-08-31,41.46167,44.16826,38.39211,39.48735,863301439
2021-09-01,39.54348,45.52996,38.62806,41.9316,1042268891
2021-09-02,42.47848,47.84926,41.29635,47.75592,967474676
2021-09-03,47.65072,51.54991,44.88906,45.91118,1292097111
2021-09-04,45.90016,49.78834,44.16513,47.14317,920757965
2021-09-05,47.20466,49.38465,45.58975,48.17893,870312119
2021-09-06,48.14678,51.3046,43.67188,47.04299,1176511096
2021-09-07,47.09261,47.18086,32.80122,37.59895,1505074715
2021-09-08,37.66261,39.42951,33.28401,37.05141,932136418
2021-09-09,36.58104,44.55074,36.15602,40.77261,1331437306
2021-09-10,40.73161,49.60516,40.48397,49.18914,2437929731
2021-09-11,49.48122,58.99035,48.35361,57.16425,2562681437
2021-09-12,57.09894,64.87303,53.83143,59.25943,2713467627
2021-09-13,59.30219,60.74902,48.05726,53.11015,2513345537
2021-09-14,53.20319,57.16771,49.25004,51.57812,1243073204
2021-09-15,51.5039,58.11176,50.36348,57.62539,1139814004
2021-09-16,57.8919,67.85885,57.29065,67.8427,2877776131
2021-09-17,67.67377,70.78473,60.91603,69.93401,2149572436
2021-09-18,70.07107,75.3248,67.24805,69.01238,1951788341
2021-09-19,68.86099,76.21391,66.54694,70.07572,1827002963
2021-09-20,70.09388,70.39786,55.91535,56.67793,2342075415
2021-09-21,57.32587,66.10662,52.86892,59.01736,2637731601
2021-09-22,58.98348,74.47372,57.96249,74.18703,2640281903
2021-09-23,74.0862,79.52259,73.02675,76.41906,2336551605
2021-09-24,76.45702,78.35161,67.1402,72.4019,2238592113
2021-09-25,72.38955,72.63643,67.69507,68.38166,1022340249
2021-09-26,68.35166,71.48129,61.88116,66.86197,1282520288
2021-09-27,66.881,72.46907,65.46883,66.50876,1210911405
2021-09-28,66.3713,69.43623,61.25084,61.51772,989963988
2021-09-29,61.60077,69.24355,61.38762,65.52,1366679673
2021-09-30,68.05,68.05,64.68,66.73,1122979274
2021-10-01,66.74,70.06,63.29,67.79,1441796222
2021-10-02,67.74,82.0,65.89,69.14,1391263335
2021-10-03,69.21,72.74,67.74,69.54,1003680421
2021-10-04,69.53,69.55,64.0,65.37,949626760
2021-10-05,65.35,66.71,62.53,64.69,813159957
2021-10-06,64.7,65.83,58.26,60.11,963971611
2021-10-07,60.11,62.25,57.34,61.43,906896093
2021-10-08,61.57,64.98,59.95,60.45,812757714
2021-10-09,60.45,62.13,59.79,60.62,368977448
2021-10-10,60.6,60.88,56.35,56.88,450502943
2021-10-11,56.87,60.33,53.74,55.34,590939451
2021-10-12,55.24,55.25,51.2,54.3,692864342
2021-10-13,54.3,57.18,53.45,55.07,655950094
2021-10-14,55.08,58.49,54.93,56.28,521698717
2021-10-15,56.25,57.14,54.51,56.37,559567841
2021-10-16,56.39,62.14,55.79,57.57,730039645
2021-10-17,57.61,58.54,53.36,56.12,388579198
2021-10-18,56.15,56.48,54.16,55.53,301848293
2021-10-19,55.52,58.2,55.05,56.84,369199133
2021-10-20,56.89,61.59,56.72,59.63,557808885
2021-10-21,59.63,64.37,58.7,61.5,834466444
2021-10-22,61.5,69.0,61.43,65.59,1235036359
2021-10-23,65.59,69.4,64.57,65.41,675884810
2021-10-24,65.4,67.58,62.03,64.71,512814089
2021-10-25,64.75,69.87,64.6,69.8,559909250
2021-10-26,69.79,75.0,67.81,68.91,913850539
2021-10-27,68.91,69.98,59.7,62.02,947198473
2021-10-28,62.03,65.12,61.96,64.47,593781415
2021-10-29,64.47,66.51,63.55,64.81,390478927
2021-10-30,64.9,65.02,61.1,62.51,340551397
2021-10-31,62.51,64.68,60.25,64.66,385833917
2021-11-01,64.69,66.88,62.31,65.09,553398869
2021-11-02,65.16,70.4,64.26,67.89,437288365
2021-11-03,67.9,78.0,67.51,76.48,1110753061
2021-11-04,76.48,83.0,74.25,79.6,1139576690
2021-11-05,79.53,82.0,72.29,74.26,593374945
2021-11-06,74.28,78.6,72.38,78.6,487295739
2021-11-07,78.6,90.0,78.01,87.91,1321363546
2021-11-08,87.89,99.0,83.5,91.52,1954611681
2021-11-09,91.42,94.85,87.14,88.9,780284087
2021-11-10,88.93,94.5,78.0,85.8,1297653103
2021-11-11,85.92,89.97,84.45,88.61,661012573
2021-11-12,88.59,90.5,81.26,84.97,676532796
2021-11-13,84.98,98.65,84.87,97.78,1144798693
2021-11-14,97.74,100.0,91.75,95.85,1142384672
2021-11-15,95.78,101.94,92.0,93.9,1202984508
2021-11-16,93.92,102.71,83.85,97.72,1843490926
2021-11-17,97.69,110.49,91.62,107.97,2393292480
2021-11-18,108.0,111.0,92.01,100.7,1920193319
2021-11-19,100.68,112.65,96.01,112.31,1562347126
2021-11-20,112.3,130.55,112.3,126.03,2291581571
2021-11-21,126.08,147.5,123.16,128.67,3379295976
2021-11-22,128.76,145.25,126.25,135.29,3211306704
2021-11-23,135.21,136.83,122.02,123.86,1959122592
2021-11-24,123.86,124.84,112.55,115.26,1902624284
2021-11-25,115.34,130.26,114.38,119.3,2233964558
2021-11-26,119.33,119.95,101.33,104.48,1712875693
2021-11-27,104.38,119.0,103.28,113.75,1211028703
2021-11-28,113.68,113.99,101.0,110.63,1422129303
2021-11-29,110.62,120.99,109.34,120.84,1227497076
2021-11-30,120.8,124.98,114.16,121.22,1734884533
2021-12-01,121.28,127.59,117.36,119.76,1437422167
2021-12-02,119.76,119.89,107.01,107.83,1117942461
2021-12-03,107.89,113.25,100.0,108.51,1379333420
2021-12-04,108.41,108.87,81.0,93.08,2100725079
2021-12-05,93.07,95.58,82.52,86.52,1220952521
2021-12-06,86.46,95.0,77.0,93.1,1786165231
2021-12-07,93.04,96.78,88.02,89.65,1066934424
2021-12-08,89.6,93.35,86.5,93.31,736763695
2021-12-09,93.35,94.65,83.3,85.47,918578963
2021-12-10,85.46,91.73,80.37,80.78,1031654019
2021-12-11,80.65,87.32,78.85,86.55,807032061
2021-12-12,86.57,88.99,83.02,88.08,595911581
2021-12-13,88.07,90.15,75.63,79.14,1146609022
2021-12-14,79.11,87.47,76.5,87.26,1039726774
2021-12-15,87.26,105.78,86.1,101.3,2397339948
2021-12-16,101.3,110.0,98.0,98.29,1843664083
2021-12-17,98.32,116.41,98.2,110.79,2509017517
2021-12-18,110.75,117.41,105.56,115.94,1589986609
2021-12-19,115.97,116.68,106.82,107.6,1025197695
2021-12-20,107.57,116.23,101.0,113.55,2014776080
2021-12-21,113.58,124.1,110.27,123.27,1732104245
2021-12-22,123.27,127.44,115.57,116.66,1353772414
2021-12-23,116.74,125.0,116.17,121.37,1261376043
2021-12-24,121.48,124.7,113.36,114.93,1136972581
2021-12-25,115.01,116.99,112.15,114.86,878551694
2021-12-26,114.82,118.0,109.41,115.07,963393172
2021-12-27,115.08,121.04,113.29,113.96,942094550
2021-12-28,113.96,116.7,104.39,107.05,1435837733
2021-12-29,107.09,110.76,102.42,103.11,1091704197
2021-12-30,103.17,105.57,98.2,101.73,1015886046
2021-12-31,101.8,111.98,100.26,109.4,1323734905
2022-01-01,109.43,114.79,108.22,114.26,784319683
2022-01-02,114.27,117.53,112.0,113.21,777052324
2022-01-03,113.13,114.14,105.98,108.09,894675873
2022-01-04,108.09,109.28,102.84,103.3,918513472
2022-01-05,103.27,106.59,90.5,97.36,1168896098
2022-01-06,97.37,98.01,91.01,95.14,909261500
2022-01-07,95.11,95.46,85.02,86.79,1163318424
2022-01-08,86.85,89.58,79.2,83.91,1021954391
2022-01-09,83.95,91.93,82.44,89.34,900030318
2022-01-10,89.31,90.99,80.25,84.46,1138103402
2022-01-11,84.47,91.04,83.23,89.66,719261554
2022-01-12,89.66,96.99,88.84,96.02,962440339
2022-01-13,95.99,97.29,89.14,89.76,756890649
2022-01-14,89.7,91.77,87.25,90.41,640737088
2022-01-15,90.43,94.4,89.53,93.08,514349943
2022-01-16,93.08,94.96,91.86,92.34,498172515
2022-01-17,92.34,92.64,85.39,86.68,613946950
2022-01-18,86.72,87.45,83.63,86.02,519434644
2022-01-19,86.03,86.45,81.12,82.64,538783322
2022-01-20,82.61,87.89,78.71,79.35,301646934
2022-01-21,79.3,80.3,64.0,66.07,1061162871
2022-01-22,66.04,67.57,53.0,59.8,1333878308
2022-01-23,59.85,66.9,59.08,64.85,897015183
2022-01-24,64.87,64.9,55.19,63.05,1159701823
2022-01-25,63.1,70.6,61.71,68.08,994124979
2022-01-26,68.04,73.57,64.39,65.89,1166402419
2022-01-27,65.92,67.99,61.18,64.73,798856523
2022-01-28,64.7,67.59,61.77,67.06,664566075
2022-01-29,67.06,73.59,66.92,71.95,697610539
2022-01-30,71.95,72.44,66.71,67.98,534098086
2022-01-31,68.0,70.76,64.24,69.92,700410198
2022-02-01,69.93,73.9,68.58,73.37,843353375
2022-02-02,73.36,74.87,67.51,67.87,875718764
2022-02-03,67.89,69.23,65.03,68.49,695260121
2022-02-04,68.42,77.91,67.48,77.91,965938411
2022-02-05,77.87,80.99,75.02,77.09,797735218
2022-02-06,77.08,79.24,74.15,79.05,506746738
2022-02-07,79.02,85.45,77.48,83.23,912462594
2022-02-08,83.24,93.17,81.73,86.45,2252177846
2022-02-09,86.48,92.14,84.52,90.18,1053167954
2022-02-10,90.12,95.15,85.13,91.18,1616543856
2022-02-11,91.22,92.69,79.93,81.81,1323311027
2022-02-12,81.8,84.82,78.82,81.34,1123397419
2022-02-13,81.36,83.34,77.56,77.97,676959728
2022-02-14,78.0,82.6,76.2,81.84,865000799
2022-02-15,81.89,93.77,81.47,93.07,1272958909
2022-02-16,93.07,97.45,91.24,95.39,1729554621
2022-02-17,95.39,98.77,86.41,88.28,1798309218
2022-02-18,88.33,90.09,82.37,83.75,1283023478
2022-02-19,83.77,86.4,80.88,85.07,850252533
2022-02-20,85.04,85.69,76.51,77.39,984477195
2022-02-21,77.38,82.73,69.44,70.08,1626858109
2022-02-22,70.06,74.95,67.21,74.42,1344001591
2022-02-23,74.42,82.54,73.34,73.5,1699396767
2022-02-24,73.5,80.0,64.62,76.41,3097306165
2022-02-25,76.43,82.09,72.7,81.05,1884195969
2022-02-26,81.05,84.99,78.14,81.79,1419135253
2022-02-27,81.88,82.37,73.15,75.09,1577126485
2022-02-28,75.07,85.83,71.89,84.59,1906636314
2022-03-01,84.6,90.98,83.62,86.96,2279596412
2022-03-02,86.95,89.98,82.38,83.43,1610175795
2022-03-03,83.4,84.34,77.06,78.49,1534290692
2022-03-04,78.47,82.24,74.98,75.82,1871411668
2022-03-05,75.8,78.68,73.32,76.71,993285550
2022-03-06,76.71,77.09,72.12,72.47,913541519
2022-03-07,72.52,76.53,70.35,71.75,1144242245
2022-03-08,71.75,76.59,71.21,72.98,1344906811
2022-03-09,73.02,80.5,72.36,77.65,1650128263
2022-03-10,77.62,79.0,71.3,73.95,1200529915
2022-03-11,73.98,76.94,70.79,71.25,1603071548
2022-03-12,71.25,73.65,70.76,70.94,635273265
2022-03-13,70.96,71.99,67.22,67.97,660710560
2022-03-14,67.96,71.49,65.56,68.98,1321137130
2022-03-15,68.99,72.35,66.08,69.83,1034368302
2022-03-16,69.85,74.81,68.06,74.12,1185387027
2022-03-17,74.1,81.76,73.18,79.47,1764529990
2022-03-18,79.45,86.95,76.5,85.76,1877327168
2022-03-19,85.77,92.42,85.6,89.58,1841027125
2022-03-20,89.55,90.0,84.42,84.85,1451610365
2022-03-21,84.93,92.5,83.09,86.22,2083892142
2022-03-22,86.19,89.89,83.71,83.98,1746085611
2022-03-23,83.96,87.15,82.19,86.01,1478084261
2022-03-24,86.01,88.32,83.67,87.61,1626542540
2022-03-25,87.62,87.83,82.42,83.58,1128008708
2022-03-26,83.58,86.8,82.5,85.96,666311785
2022-03-27,85.94,90.0,84.45,89.91,759068100
2022-03-28,89.92,96.31,88.61,89.58,1758254790
2022-03-29,89.58,96.45,89.29,92.79,1642341694
2022-03-30,92.76,100.5,89.55,95.57,1755845999
2022-03-31,95.61,102.38,93.8,97.42,2201715680
2022-04-01,97.42,99.82,90.0,96.87,1744656244
2022-04-02,96.86,104.0,95.76,96.25,1575851403
2022-04-03,96.24,100.13,94.51,98.06,1288604372
2022-04-04,98.03,98.12,90.89,96.2,1197451977
2022-04-05,96.21,97.67,90.64,91.07,1070364448
2022-04-06,91.09,91.11,82.62,82.99,1473087038
2022-04-07,82.94,88.66,81.39,87.58,1374726630
2022-04-08,87.59,90.56,82.69,83.69,1367418313
2022-04-09,83.68,85.56,82.14,84.56,620536895
2022-04-10,84.58,85.67,80.75,80.99,488065132
2022-04-11,80.98,81.53,72.72,74.37,1152269023
2022-04-12,74.38,79.55,73.88,76.36,889066929
2022-04-13,76.37,80.65,75.82,80.25,734210623
2022-04-14,80.2,81.87,76.1,76.84,711767575
2022-04-15,76.81,78.53,74.74,77.44,501963226
2022-04-16,77.46,78.28,76.51,77.78,290431497
2022-04-17,77.78,78.75,75.11,75.45,322395973
2022-04-18,75.43,77.96,71.88,77.73,681155455
2022-04-19,77.72,81.1,76.83,80.28,591702355
2022-04-20,80.28,81.33,77.46,78.24,622981657
2022-04-21,78.25,80.19,74.18,75.03,569385150
2022-04-22,75.03,77.21,73.33,74.01,532238762
2022-04-23,74.05,74.42,72.44,72.81,360787956
2022-04-24,72.87,73.49,71.04,71.54,320340266
2022-04-25,71.52,73.01,67.4,72.91,735322462
2022-04-26,72.91,73.2,67.51,68.7,561575109
2022-04-27,68.69,71.97,68.32,69.85,475421022
2022-04-28,69.86,70.76,66.58,67.28,551311115
2022-04-29,67.27,68.0,62.18,63.4,536189400
2022-04-30,63.4,64.64,55.05,57.01,643198521
2022-05-01,56.97,61.14,56.31,58.76,748385992
2022-05-02,58.76,62.51,56.72,60.31,893459385
2022-05-03,60.37,62.52,58.09,59.63,592389538
2022-05-04,59.63,67.61,59.29,67.28,875723682
2022-05-05,67.26,69.48,56.57,59.02,1259826490
2022-05-06,59.04,59.4,55.1,57.0,887280183
2022-05-07,56.97,57.5,53.2,55.03,555118325
2022-05-08,55.02,55.44,50.62,51.57,837890770
2022-05-09,51.62,53.03,41.13,41.21,1228351362
2022-05-10,41.2,50.34,40.0,44.54,1624448832
2022-05-11,44.55,46.26,26.03,31.1,2428550936
2022-05-12,31.14,33.99,22.37,30.19,1839518407
2022-05-13,30.21,37.89,29.46,32.17,1219234571
2022-05-14,32.17,34.3,29.21,33.89,754019978
2022-05-15,33.88,37.0,31.84,36.54,745037121
2022-05-16,36.51,36.52,31.4,32.49,867980588
2022-05-17,32.53,35.75,32.16,34.38,676043628
2022-05-18,34.36,35.13,29.22,29.57,641522267
2022-05-19,29.53,31.85,27.47,30.37,845803420
2022-05-20,30.38,31.9,27.8,28.76,901703535
2022-05-21,28.76,30.59,28.15,29.88,485604462
2022-05-22,29.87,32.66,28.96,31.68,686538817
2022-05-23,31.66,33.12,28.51,29.04,797628131
2022-05-24,29.03,29.62,26.82,29.03,690433536
2022-05-25,29.02,29.62,27.08,27.21,588423056
2022-05-26,27.2,27.99,22.79,23.4,1007507776
2022-05-27,23.39,23.85,21.34,22.55,964035111
2022-05-28,22.56,26.0,22.16,24.73,708263415
2022-05-29,24.75,26.97,23.7,26.13,700836372
2022-05-30,26.15,28.42,25.3,27.7,962074891
2022-05-31,27.69,29.1,25.53,26.41,968753831
2022-06-01,26.41,27.02,23.19,23.66,708368730
2022-06-02,23.66,24.88,22.65,24.63,616496656
2022-06-03,24.63,24.68,22.47,22.98,463049567
2022-06-04,22.98,24.65,22.11,24.57,376343138
2022-06-05,24.56,25.17,23.92,24.15,406213321
2022-06-06,24.16,27.75,24.02,25.99,829054125
2022-06-07,25.98,26.2,23.11,24.56,923434174
2022-06-08,24.58,25.43,23.73,24.49,502590526
2022-06-09,24.5,25.42,23.71,24.41,649339432
2022-06-10,24.42,24.85,21.86,22.05,523963516
2022-06-11,22.06,22.99,19.64,19.89,527494613
2022-06-12,19.88,20.14,17.2,17.27,749203981
2022-06-13,17.25,17.48,14.56,16.09,1277521632
2022-06-14,16.08,17.27,14.64,16.54,919054943
2022-06-15,16.53,18.49,14.52,18.29,1022663545
2022-06-16,18.29,18.71,15.48,15.77,619516632
2022-06-17,15.78,16.7,15.48,15.98,400140809
2022-06-18,15.98,16.29,13.8,14.8,500837078
2022-06-19,14.85,16.34,13.74,16.15,510905367
2022-06-20,16.15,17.85,15.31,17.08,561797222
2022-06-21,17.09,18.48,16.62,16.89,496486132
2022-06-22,16.9,17.39,15.95,16.06,417581511
2022-06-23,16.06,18.39,15.99,18.29,482575281
2022-06-24,18.28,20.97,17.97,20.46,671893666
2022-06-25,20.47,21.66,19.84,21.34,476329358
2022-06-26,21.35,22.04,19.59,19.71,413767908
2022-06-27,19.7,21.37,19.16,19.33,433026595
2022-06-28,19.33,20.49,17.97,18.08,490803290
2022-06-29,18.08,18.66,17.15,17.76,445376603
2022-06-30,17.8,17.8,15.68,16.97,453151312
2022-07-01,16.97,17.65,15.77,16.09,490786364
2022-07-02,16.09,16.6,15.94,16.31,224974289
2022-07-03,16.32,16.87,15.82,16.63,242175995
2022-07-04,16.63,18.03,16.29,17.9,430020105
2022-07-05,17.9,18.64,16.64,18.03,552533388
2022-07-06,18.03,19.57,17.79,19.15,618966978
2022-07-07,19.16,20.61,18.82,20.18,607400823
2022-07-08,20.19,21.14,19.41,19.7,593859102
2022-07-09,19.71,20.26,19.56,19.9,299142386
2022-07-10,19.89,19.98,18.73,19.16,323970529
2022-07-11,19.16,19.16,17.28,17.31,338348658
2022-07-12,17.3,18.04,16.66,16.73,393620758
2022-07-13,16.73,18.91,16.36,18.81,636332384
2022-07-14,18.81,19.97,17.76,19.74,678776743
2022-07-15,19.74,20.26,19.07,19.36,538489864
2022-07-16,19.36,21.49,18.68,21.24,592225952
2022-07-17,21.24,22.1,20.55,20.62,502164784
2022-07-18,20.62,24.43,20.57,23.97,989322171
2022-07-19,23.97,26.3,23.04,24.73,1150854169
2022-07-20,24.71,26.36,23.36,23.59,1068333684
2022-07-21,23.58,25.47,22.62,24.98,759273174
2022-07-22,24.99,25.55,23.59,23.63,639197881
2022-07-23,23.64,24.67,22.83,23.6,467200887
2022-07-24,23.62,24.48,23.23,23.8,424883178
2022-07-25,23.79,23.86,20.88,20.91,586670563
2022-07-26,20.92,20.97,19.54,20.71,443604588
2022-07-27,20.73,23.48,20.21,23.38,753238649
2022-07-28,23.4,24.7,22.45,24.23,1016911260
2022-07-29,24.26,25.39,23.47,24.51,922618022
2022-07-30,24.52,25.81,23.93,24.25,753147185
2022-07-31,24.25,25.23,23.55,23.74,565704851
2022-08-01,23.7,24.35,22.97,23.59,482933106
2022-08-02,23.6,23.99,22.24,22.85,588025228
2022-08-03,22.86,24.2,22.28,23.05,585469835
2022-08-04,23.04,24.0,22.88,23.37,454557871
2022-08-05,23.37,24.98,23.11,24.95,559959169
2022-08-06,24.95,26.96,24.71,26.64,725161177
2022-08-07,26.65,28.51,25.83,27.9,789046881
2022-08-08,27.9,30.88,27.56,27.92,983856352
2022-08-09,27.91,28.81,26.98,27.43,758807732
2022-08-10,27.41,30.2,26.57,29.18,942970922
2022-08-11,29.17,30.09,28.3,28.56,759953820
2022-08-12,28.57,29.46,28.09,29.35,488313177
2022-08-13,29.35,30.35,28.89,29.19,469245521
2022-08-14,29.19,29.85,27.87,28.21,427880595
2022-08-15,28.2,29.3,27.09,27.9,494986915
2022-08-16,27.88,28.42,26.95,27.12,415203519
2022-08-17,27.1,28.22,25.27,25.56,503874972
2022-08-18,25.57,26.3,23.93,24.19,390507879
2022-08-19,24.2,24.43,21.33,22.44,764994457
2022-08-20,22.45,23.08,21.62,22.3,507113879
2022-08-21,22.31,23.56,22.13,22.97,480536069
2022-08-22,22.98,23.0,21.63,22.56,512194711
2022-08-23,22.56,23.73,21.83,23.51,438836084
2022-08-24,23.52,23.65,22.81,23.01,365514547
2022-08-25,23.0,23.65,22.69,22.98,325764518
2022-08-26,22.99,23.24,20.34,20.68,530798722
2022-08-27,20.67,20.9,19.78,20.05,351975085
2022-08-28,20.05,20.47,18.07,18.53,368370708
2022-08-29,18.52,19.47,17.48,19.33,614013678
2022-08-30,19.33,20.64,18.86,19.4,576589736
2022-08-31,19.4,20.05,18.99,19.13,397343517
2022-09-01,19.14,19.47,18.32,19.33,318893652
2022-09-02,19.34,19.67,18.68,18.87,299938092
2022-09-03,18.87,19.01,18.57,18.89,180333777
2022-09-04,18.89,19.15,18.73,19.03,194656841
2022-09-05,19.03,19.5,18.37,19.44,219675345
2022-09-06,19.44,20.49,18.14,18.21,459611430
2022-09-07,18.21,19.31,17.85,19.01,298559964
2022-09-08,18.99,19.17,18.4,19.14,314399498
2022-09-09,19.16,20.8,19.11,20.4,425890549
2022-09-10,20.4,21.18,20.05,20.45,365215814
2022-09-11,20.46,20.96,19.96,20.69,314321780
2022-09-12,20.69,21.96,20.07,21.37,729872503
2022-09-13,21.39,21.8,18.76,18.87,677722677
2022-09-14,18.86,19.31,18.42,19.12,416816640
2022-09-15,19.09,19.37,18.07,18.2,503156220
2022-09-16,18.19,18.3,17.55,18.06,443881513
2022-09-17,18.07,18.61,18.05,18.48,250641852
2022-09-18,18.48,18.76,16.24,16.72,458049291
2022-09-19,16.71,17.38,16.37,17.28,390780822
2022-09-20,17.28,17.4,16.59,16.65,349506007
2022-09-21,16.65,17.94,16.2,16.54,435313782
2022-09-22,16.54,17.9,16.41,17.7,285215305
2022-09-23,17.7,18.27,17.16,17.97,277003761
2022-09-24,17.97,18.2,17.55,17.61,171338755
2022-09-25,17.59,17.87,17.14,17.32,140488260
2022-09-26,17.31,17.62,16.97,17.57,188906812
2022-09-27,17.57,18.48,17.04,17.29,345407005
2022-09-28,17.3,17.45,16.73,17.25,257684562
2022-09-29,17.27,17.39,16.87,17.35,207582338
2022-09-30,17.35,17.74,17.01,17.2,279674593
2022-10-01,17.21,17.31,16.88,16.96,134160561
2022-10-02,16.95,17.17,16.48,16.53,171162154
2022-10-03,16.54,17.3,16.34,17.16,204748173
2022-10-04,17.16,17.56,17.07,17.45,174779832
2022-10-05,17.44,17.48,16.95,17.39,176999979
2022-10-06,17.39,17.68,16.99,17.05,189856862
2022-10-07,17.04,17.16,16.7,16.9,158335012
2022-10-08,16.9,17.0,16.64,16.79,92577197
2022-10-09,16.79,17.0,16.7,16.9,89206882
2022-10-10,16.91,17.23,16.19,16.22,159927573
2022-10-11,16.21,16.31,15.6,15.96,198036643
2022-10-12,15.95,16.16,15.83,15.95,116523361
2022-10-13,15.95,15.99,14.44,15.65,369779404
2022-10-14,15.66,16.4,15.55,15.67,207908886
2022-10-15,15.66,15.77,15.36,15.43,114054506
2022-10-16,15.43,15.88,15.41,15.75,127163510
2022-10-17,15.75,16.27,15.65,16.18,171491982
2022-10-18,16.18,16.36,15.58,15.87,195129666
2022-10-19,15.87,15.92,15.01,15.06,204882796
2022-10-20,15.05,15.7,14.87,15.15,233552043
2022-10-21,15.14,15.75,14.63,15.7,240934067
2022-10-22,15.71,15.92,15.53,15.69,131362692
2022-10-23,15.7,16.41,15.61,16.31,191269979
2022-10-24,16.31,16.49,15.64,15.76,160269142
2022-10-25,15.75,17.04,15.61,16.63,268037581
2022-10-26,16.64,17.34,16.64,17.0,314000709
2022-10-27,17.0,17.5,16.83,16.89,368498288
2022-10-28,16.89,18.4,16.73,18.34,431888975
2022-10-29,18.35,18.9,18.16,18.29,324609848
2022-10-30,18.29,18.94,17.92,18.25,282464477
2022-10-31,18.25,19.81,18.19,19.28,520744778
2022-11-01,19.28,19.52,18.57,18.63,281528846
2022-11-02,18.63,18.79,17.43,17.92,365548952
2022-11-03,17.91,18.87,17.8,18.04,244934828
2022-11-04,18.04,19.68,17.88,19.43,365593899
2022-11-05,19.44,20.6,19.2,19.6,395714101
2022-11-06,19.6,19.75,18.2,18.24,236417682
2022-11-07,18.23,18.87,17.73,18.08,310371680
2022-11-08,18.09,18.16,15.39,16.03,878228418
2022-11-09,16.02,16.16,12.01,12.88,752204886
2022-11-10,12.88,15.92,12.64,15.38,507516498
2022-11-11,15.36,15.41,13.56,14.09,300019683
2022-11-12,14.11,14.13,12.87,13.08,151599250
2022-11-13,13.06,13.34,12.66,12.99,161491789
2022-11-14,12.98,13.58,12.04,13.11,233088832
2022-11-15,13.12,13.99,13.0,13.51,164929945
2022-11-16,13.5,13.71,12.81,13.06,147528057
2022-11-17,13.06,13.35,12.65,12.86,152325455
2022-11-18,12.86,13.28,12.85,12.99,132691557
2022-11-19,12.98,12.98,12.5,12.87,101179072
2022-11-20,12.87,13.13,12.06,12.17,131091600
2022-11-21,12.16,12.18,11.56,11.79,184823170
2022-11-22,11.8,12.36,11.44,12.33,191009083
2022-11-23,12.34,13.07,12.33,13.06,197226438
2022-11-24,13.06,13.38,12.76,12.94,157045574
2022-11-25,12.94,13.03,12.51,12.82,127884745
2022-11-26,12.83,13.23,12.62,12.76,147386106
2022-11-27,12.75,13.25,12.68,12.85,122601927
2022-11-28,12.84,12.98,11.99,12.45,175938137
2022-11-29,12.44,12.71,12.28,12.46,162217202
2022-11-30,12.47,13.2,12.47,13.15,195360075
2022-12-01,13.16,13.32,12.8,12.9,152241995
2022-12-02,12.91,13.68,12.8,13.58,185188563
2022-12-03,13.58,13.91,13.3,13.41,179887086
2022-12-04,13.4,13.95,13.4,13.93,150926134
2022-12-05,13.94,14.34,13.41,13.6,183876782
2022-12-06,13.61,13.69,13.45,13.68,125511203
2022-12-07,13.68,13.7,13.0,13.28,140058713
2022-12-08,13.27,13.52,13.07,13.42,119634853
2022-12-09,13.42,13.63,13.36,13.46,116383354
2022-12-10,13.46,13.59,13.34,13.49,90549473
2022-12-11,13.49,13.5,12.93,12.98,99881447
2022-12-12,12.97,13.06,12.53,13.0,130384940
2022-12-13,13.01,14.36,12.57,13.76,289072313
2022-12-14,13.77,14.19,13.56,13.71,213998532
2022-12-15,13.72,13.89,13.07,13.18,152280792
2022-12-16,13.17,13.29,11.59,11.85,194845681
2022-12-17,11.85,12.0,11.53,11.96,128236702
2022-12-18,11.96,12.02,11.79,11.94,82546491
2022-12-19,11.94,12.1,11.15,11.4,145700236
2022-12-20,11.39,12.04,11.34,11.95,133088275
2022-12-21,11.95,11.98,11.62,11.71,99510761
2022-12-22,11.7,11.85,11.45,11.83,100223574
2022-12-23,11.84,11.89,11.67,11.78,97273971
2022-12-24,11.78,11.83,11.64,11.67,49904792
2022-12-25,11.66,11.73,11.51,11.69,96667768
2022-12-26,11.69,11.78,11.56,11.72,100546246
2022-12-27,11.72,11.8,11.52,11.66,130725347
2022-12-28,11.65,11.66,11.09,11.21,139487054
2022-12-29,11.21,11.22,10.61,10.97,118611566
2022-12-30,10.97,10.97,10.55,10.87,158598467
2022-12-31,10.86,11.07,10.83,10.89,84881315
2023-01-01,10.89,10.93,10.64,10.87,95741904
2023-01-02,10.87,11.27,10.69,11.16,128530323
2023-01-03,11.16,11.55,11.06,11.39,165410541
2023-01-04,11.4,12.58,11.35,12.09,203700017
2023-01-05,12.08,12.19,11.67,11.74,148011463
2023-01-06,11.73,11.82,11.35,11.78,135298028
2023-01-07,11.78,11.86,11.64,11.75,99819319
2023-01-08,11.74,12.15,11.58,12.09,133385894
2023-01-09,12.09,12.65,12.07,12.19,331158364
2023-01-10,12.19,12.95,12.02,12.74,230945289
2023-01-11,12.73,16.03,12.26,15.87,815639199
2023-01-12,15.87,16.54,14.75,15.45,821227059
2023-01-13,15.44,16.6,14.96,15.97,594284894
2023-01-14,15.96,18.58,15.79,16.95,1069929455
2023-01-15,16.95,17.08,16.02,16.81,514796096
2023-01-16,16.78,17.33,16.06,16.75,455814602
2023-01-17,16.76,18.2,16.53,17.13,549733348
2023-01-18,17.12,17.42,15.46,15.81,466860281
2023-01-19,15.81,16.3,15.69,16.18,275014984
2023-01-20,16.19,17.58,15.86,17.5,377589626
2023-01-21,17.49,17.76,16.82,16.88,451849941
2023-01-22,16.88,18.46,16.8,17.35,528180733
2023-01-23,17.35,18.32,17.23,17.98,447269431
2023-01-24,17.98,18.98,16.76,16.99,483621029
2023-01-25,16.99,18.27,16.53,17.79,373780820
2023-01-26,17.79,18.94,17.79,18.09,485573315
2023-01-27,18.09,21.7,17.48,21.18,680858655
2023-01-28,21.17,21.8,20.07,20.53,689054377
2023-01-29,20.55,21.16,20.15,21.0,420146185
2023-01-30,21.0,21.3,19.29,19.75,665345570
2023-01-31,19.74,20.18,19.32,19.8,398085253
2023-02-01,19.8,21.05,18.71,20.97,578705289
2023-02-02,20.99,22.79,20.85,21.2,923881872
2023-02-03,21.21,21.92,20.72,21.37,449947551
2023-02-04,21.36,21.67,20.84,21.02,270970237
2023-02-05,21.02,21.15,19.72,20.09,341651159
2023-02-06,20.07,20.43,19.44,19.57,228201924
2023-02-07,19.57,20.98,19.53,20.84,316667706
2023-02-08,20.85,21.04,19.64,20.11,257585287
2023-02-09,20.11,20.24,17.43,17.91,387714367
2023-02-10,17.89,18.25,17.5,17.77,232811782
2023-02-11,17.76,18.1,17.66,18.02,134054933
2023-02-12,18.02,18.49,17.53,17.78,259289328
2023-02-13,17.79,17.86,16.85,17.64,245266831
2023-02-14,17.67,18.3,17.18,18.15,249864205
2023-02-15,18.15,19.96,17.92,19.95,256514870
2023-02-16,19.96,20.44,18.57,18.6,362001305
2023-02-17,18.6,19.65,18.49,19.45,249597693
2023-02-18,19.45,20.1,19.3,19.54,258172528
2023-02-19,19.53,20.4,19.29,19.82,288113872
2023-02-20,19.82,21.38,19.04,20.84,483461795
2023-02-21,20.83,21.67,19.91,20.98,489974940
2023-02-22,20.97,21.56,19.58,20.32,605541357
2023-02-23,20.33,20.73,19.53,19.7,309191497
2023-02-24,19.71,19.82,18.04,18.4,298510977
2023-02-25,18.4,18.6,17.45,17.94,242999790
2023-02-26,17.93,18.58,17.81,18.43,151162317
2023-02-27,18.43,18.63,17.71,17.89,198821795
2023-02-28,17.89,17.92,16.94,17.1,200107205
2023-03-01,17.1,17.83,16.99,17.77,159270741
2023-03-02,17.78,17.86,17.12,17.48,132504184
2023-03-03,17.48,17.48,15.81,16.66,205495359
2023-03-04,16.67,16.9,15.89,16.14,122435703
2023-03-05,16.14,16.52,16.07,16.14,108593997
2023-03-06,16.14,16.68,15.83,16.5,162196354
2023-03-07,16.52,16.72,15.85,16.18,161466099
2023-03-08,16.17,16.26,14.99,15.12,168121578
2023-03-09,15.11,15.68,14.2,14.42,223903610
2023-03-10,14.42,15.18,13.9,14.84,295964794
2023-03-11,14.84,15.4,14.06,14.62,242350091
2023-03-12,14.62,16.4,14.33,16.3,247416383
2023-03-13,16.33,16.87,15.5,16.54,326292018
2023-03-14,16.54,17.98,16.19,17.2,425237957
2023-03-15,17.2,17.51,15.4,15.62,314371131
2023-03-16,15.61,16.12,15.3,15.87,199893661
2023-03-17,15.87,17.81,15.66,17.69,249635546
2023-03-18,17.68,18.22,16.92,17.03,260105946
2023-03-19,17.03,18.14,17.02,17.59,188260913
2023-03-20,17.6,17.82,16.59,16.68,226183876
2023-03-21,16.7,17.59,16.39,17.49,201360715
2023-03-22,17.49,17.97,16.3,16.79,309254853
2023-03-23,16.79,17.9,16.63,17.58,225499693
2023-03-24,17.58,17.68,16.69,16.98,165076426
2023-03-25,16.98,17.18,16.4,16.93,160302358
2023-03-26,16.93,17.3,16.88,17.13,120192188
2023-03-27,17.13,17.17,16.09,16.48,155993864
2023-03-28,16.49,16.83,16.31,16.73,157163428
2023-03-29,16.74,17.41,16.67,17.31,173033738
2023-03-30,17.33,17.56,16.92,17.24,201197047
2023-03-31,17.25,17.85,17.09,17.72,188033602
2023-04-01,17.72,17.89,17.56,17.81,111851369
2023-04-02,17.8,17.86,17.09,17.26,122730984
2023-04-03,17.24,17.45,16.66,17.11,183483019
2023-04-04,17.11,17.67,16.97,17.66,143457849
2023-04-05,17.66,18.37,17.62,18.01,221196176
2023-04-06,18.03,18.35,17.65,17.99,175964595
2023-04-07,17.99,18.14,17.44,17.62,128153713
2023-04-08,17.61,17.75,17.35,17.47,87844490
2023-04-09,17.47,17.66,17.26,17.55,92348601
2023-04-10,17.54,17.99,17.37,17.94,125916354
2023-04-11,17.95,18.64,17.88,18.15,176916860
2023-04-12,18.17,18.72,17.7,18.26,310077628
2023-04-13,18.26,19.07,18.13,18.84,250901057
2023-04-14,18.86,19.34,18.47,19.23,256976337
2023-04-15,19.23,19.53,19.01,19.1,186898140
2023-04-16,19.09,20.51,18.85,20.18,272546344
2023-04-17,20.18,21.26,20.0,20.53,504173915
2023-04-18,20.52,21.58,20.27,21.22,289785299
2023-04-19,21.22,21.22,18.56,18.98,375670294
2023-04-20,18.94,19.43,18.1,18.3,294882989
2023-04-21,18.3,18.52,16.71,16.94,312839997
2023-04-22,16.92,17.36,16.82,17.22,141967935
2023-04-23,17.21,17.25,16.5,16.84,135279687
2023-04-24,16.84,17.25,16.56,16.93,162414862
2023-04-25,16.93,17.77,16.75,17.64,201291903
2023-04-26,17.64,18.24,16.28,17.19,301564451
2023-04-27,17.18,17.94,17.12,17.73,204597089
2023-04-28,17.74,17.82,17.25,17.57,127740732
2023-04-29,17.56,17.74,17.32,17.49,98790066
2023-04-30,17.5,17.85,17.09,17.09,117908615
2023-05-01,17.11,17.23,16.5,16.65,136356603
2023-05-02,16.65,16.98,16.5,16.85,109496323
2023-05-03,16.84,17.37,16.41,17.22,162088946
2023-05-04,17.23,17.27,16.8,16.94,113190608
2023-05-05,16.94,17.43,16.76,17.4,171744723
2023-05-06,17.39,17.52,16.45,16.62,133852669
2023-05-07,16.61,16.75,16.34,16.42,95305315
2023-05-08,16.41,16.53,14.93,15.43,244045721
2023-05-09,15.42,15.6,15.22,15.33,116223244
2023-05-10,15.34,15.75,14.81,15.52,226449891
2023-05-11,15.53,15.54,14.78,14.97,142436558
2023-05-12,14.96,15.22,14.53,15.2,152580777
2023-05-13,15.2,15.22,14.9,14.92,76672620
2023-05-14,14.93,15.15,14.8,15.03,81176240
2023-05-15,15.04,15.35,14.81,15.09,130822729
2023-05-16,15.08,15.16,14.74,14.9,115280580
2023-05-17,14.9,15.3,14.63,15.17,130832786
2023-05-18,15.18,15.18,14.42,14.69,131860692
2023-05-19,14.68,14.84,14.56,14.68,96148692
2023-05-20,14.67,14.71,14.54,14.64,69935200
2023-05-21,14.63,14.69,14.2,14.31,84412582
2023-05-22,14.3,14.77,14.1,14.67,125232952
2023-05-23,14.68,14.96,14.6,14.71,105989745
2023-05-24,14.71,14.71,13.99,14.14,131193367
2023-05-25,14.14,14.25,13.71,14.09,128871426
2023-05-26,14.09,14.39,13.97,14.33,122877712
2023-05-27,14.34,14.62,14.26,14.57,100317944
2023-05-28,14.57,15.05,14.25,14.9,154009924
2023-05-29,14.9,14.99,14.35,14.47,134187210
2023-05-30,14.47,14.74,14.36,14.43,136632953
2023-05-31,14.42,14.45,13.96,14.11,128954994
2023-06-01,14.1,14.3,13.83,14.1,116708033
2023-06-02,14.09,14.56,13.98,14.5,128575136
2023-06-03,14.5,14.6,14.4,14.58,91435614
2023-06-04,14.58,14.94,14.52,14.79,112060061
2023-06-05,14.78,14.9,13.46,13.88,236605569
2023-06-06,13.88,14.68,13.81,14.65,170072629
2023-06-07,14.65,14.71,13.96,14.01,159208577
2023-06-08,14.02,14.12,13.79,13.93,110532058
2023-06-09,13.92,14.25,13.7,13.76,130556047
2023-06-10,13.76,13.76,10.61,11.7,430714377
2023-06-11,11.69,11.83,11.44,11.58,121882450
2023-06-12,11.58,11.61,11.19,11.51,125715031
2023-06-13,11.52,12.08,11.43,11.8,139037459
2023-06-14,11.79,11.96,11.2,11.38,135945535
2023-06-15,11.37,11.57,11.0,11.38,140941560
2023-06-16,11.38,11.72,11.21,11.54,93292947
2023-06-17,11.54,11.84,11.46,11.62,89125242
2023-06-18,11.62,11.63,11.25,11.33,95386928
2023-06-19,11.31,11.51,11.17,11.48,89600908
2023-06-20,11.47,12.12,11.17,12.12,123591888
2023-06-21,12.12,13.04,12.06,12.9,199602351
2023-06-22,12.9,13.22,12.58,12.66,171555239
2023-06-23,12.66,13.51,12.63,13.29,171643520
2023-06-24,13.29,13.4,12.74,13.02,122944055
2023-06-25,13.02,13.69,12.97,13.44,150750404
2023-06-26,13.44,13.68,12.96,13.16,163891431
2023-06-27,13.15,13.48,13.1,13.19,114157872
2023-06-28,13.2,13.21,12.08,12.34,170640369
2023-06-29,12.34,12.96,12.27,12.66,133351344
2023-06-30,12.67,13.32,12.11,13.02,252369786
2023-07-01,13.03,13.16,12.83,13.0,116343644
2023-07-02,13.0,13.22,12.71,13.13,139911155
2023-07-03,13.13,13.46,13.07,13.25,168312885
2023-07-04,13.25,13.41,13.01,13.03,141670542
2023-07-05,13.04,13.15,12.49,12.66,134100625
2023-07-06,12.67,13.12,12.25,12.39,153672696
2023-07-07,12.38,12.75,12.26,12.73,109676681
2023-07-08,12.74,13.89,12.73,13.64,285973788
2023-07-09,13.65,14.24,13.57,13.58,216696215
2023-07-10,13.59,13.86,13.17,13.39,173771957
2023-07-11,13.4,13.69,13.15,13.27,142550257
2023-07-12,13.26,13.36,12.85,13.02,120763425
2023-07-13,13.02,14.2,12.89,14.12,262360528
2023-07-14,14.13,15.99,14.04,14.65,598790026
2023-07-15,14.64,15.35,14.42,14.84,195367689
2023-07-16,14.85,14.94,14.17,14.29,136030082
2023-07-17,14.28,14.63,13.85,14.4,149018011
2023-07-18,14.4,14.59,13.61,13.81,128799916
2023-07-19,13.8,14.28,13.75,14.0,124260704
2023-07-20,13.99,14.42,13.67,13.87,147745163
2023-07-21,13.87,14.08,13.74,13.99,103167756
2023-07-22,13.98,14.05,13.32,13.52,100499241
2023-07-23,13.51,13.75,13.4,13.55,94629430
2023-07-24,13.55,13.6,12.78,13.11,136591562
2023-07-25,13.1,13.55,13.04,13.34,136662247
2023-07-26,13.34,13.46,13.08,13.27,124083174
2023-07-27,13.26,13.43,13.02,13.15,92652961
2023-07-28,13.14,13.29,13.01,13.23,79610077
2023-07-29,13.23,13.3,13.15,13.24,55023688
2023-07-30,13.24,13.41,12.91,13.12,93192348
2023-07-31,13.11,13.28,12.69,12.82,108926782
2023-08-01,12.81,12.89,12.4,12.89,122231869
2023-08-02,12.88,12.95,12.41,12.54,114062163
2023-08-03,12.52,12.63,12.34,12.44,115953076
2023-08-04,12.44,12.6,12.25,12.39,98780738
2023-08-05,12.39,12.44,12.27,12.44,81054019
2023-08-06,12.44,12.65,12.41,12.58,92679576
2023-08-07,12.58,12.74,12.19,12.45,113926596
2023-08-08,12.45,12.94,12.36,12.7,122703546
2023-08-09,12.69,12.8,12.49,12.62,103737727
2023-08-10,12.63,12.66,12.45,12.48,98396829
2023-08-11,12.47,12.54,12.34,12.44,82201066
2023-08-12,12.44,12.49,12.34,12.39,69515970
2023-08-13,12.39,12.42,12.19,12.26,84586349
2023-08-14,12.25,12.44,12.16,12.35,93500406
2023-08-15,12.36,12.37,11.29,11.81,109201443
2023-08-16,11.82,11.86,11.07,11.37,113468174
2023-08-17,11.37,11.5,10.0,10.58,148177479
2023-08-18,10.58,11.0,10.53,10.81,119700967
2023-08-19,10.81,10.89,10.55,10.82,90720064
2023-08-20,10.81,10.92,10.74,10.88,73344406
2023-08-21,10.87,10.88,10.16,10.36,109507461
2023-08-22,10.36,10.38,9.71,10.14,127247028
2023-08-23,10.14,10.47,10.06,10.33,94660707
2023-08-24,10.34,10.36,9.97,10.11,92595658
2023-08-25,10.11,10.14,9.88,10.03,120285068
2023-08-26,10.03,10.13,10.0,10.09,82673806
2023-08-27,10.09,10.28,10.07,10.21,100337789
2023-08-28,10.2,10.44,9.92,10.38,115644221
2023-08-29,10.38,11.2,10.32,10.82,184923910
2023-08-30,10.82,10.82,10.32,10.4,120489599
2023-08-31,10.4,10.54,9.82,9.98,141798755
2023-09-01,9.97,10.05,9.75,9.93,113586569
2023-09-02,9.92,9.96,9.76,9.91,92831091
2023-09-03,9.91,9.99,9.83,9.88,84322184
2023-09-04,9.88,10.04,9.68,9.8,92249995
2023-09-05,9.81,9.97,9.65,9.91,88563053
2023-09-06,9.92,10.04,9.75,9.95,89681184
2023-09-07,9.94,10.14,9.83,10.09,85608647
2023-09-08,10.09,10.14,9.84,9.92,80027273
2023-09-09,9.91,9.92,9.83,9.84,52604053
2023-09-10,9.83,9.83,9.2,9.46,106234454
2023-09-11,9.46,9.51,9.05,9.23,108922513
2023-09-12,9.22,9.59,9.19,9.21,123809301
2023-09-13,9.21,9.45,9.1,9.29,106423750
2023-09-14,9.29,9.47,9.25,9.41,97449125
2023-09-15,9.4,9.52,9.19,9.43,90591604
2023-09-16,9.45,9.61,9.33,9.37,83336169
2023-09-17,9.37,9.37,9.02,9.1,89319200
2023-09-18,9.1,9.32,8.81,9.11,130967401
2023-09-19,9.1,9.31,9.04,9.2,113669978
2023-09-20,9.21,9.24,8.86,9.05,133008251
2023-09-21,9.03,9.11,8.77,8.82,124242248
2023-09-22,8.83,8.92,8.72,8.86,96087293
2023-09-23,8.87,8.99,8.82,8.9,78036617
2023-09-24,8.9,9.04,8.75,8.78,87114579
2023-09-25,8.77,8.95,8.62,8.94,101722179
2023-09-26,8.95,9.06,8.86,9.04,94338370
2023-09-27,9.03,9.18,8.81,8.92,100920765
2023-09-28,8.92,9.36,8.91,9.27,114343600
2023-09-29,9.28,9.36,9.08,9.18,112441016
2023-09-30,9.18,9.3,9.12,9.24,81409313
2023-10-01,9.25,9.83,9.22,9.75,119548757
2023-10-02,9.76,9.83,9.17,9.32,115234648
2023-10-03,9.32,9.48,9.22,9.42,90799146
2023-10-04,9.42,10.29,9.11,10.11,200728654
2023-10-05,10.11,10.33,9.83,10.14,182074688
2023-10-06,10.14,10.84,10.14,10.67,183799431
2023-10-07,10.67,11.86,10.25,10.34,302644508
2023-10-08,10.34,10.54,9.96,10.09,123132510
2023-10-09,10.08,10.08,9.28,9.53,158064218
2023-10-10,9.54,9.85,9.42,9.53,129362925
2023-10-11,9.52,9.57,9.2,9.3,114999357
2023-10-12,9.3,9.31,8.89,9.11,118916952
2023-10-13,9.11,9.34,9.02,9.16,97829536
2023-10-14,9.16,9.25,9.11,9.14,53224237
2023-10-15,9.14,9.27,9.08,9.18,75965196
2023-10-16,9.17,9.82,9.17,9.4,132269069
2023-10-17,9.4,9.41,9.02,9.1,131082243
2023-10-18,9.1,9.21,8.84,8.91,114796730
2023-10-19,8.91,9.12,8.66,9.07,120961089
2023-10-20,9.08,9.39,9.03,9.24,143258749
2023-10-21,9.22,9.82,9.17,9.64,172829844
2023-10-22,9.64,10.1,9.53,10.1,196664825
2023-10-23,10.1,10.67,9.87,10.59,314309003
2023-10-24,10.6,10.81,10.07,10.32,319493521
2023-10-25,10.32,10.64,10.17,10.52,233131161
2023-10-26,10.52,11.56,10.37,11.05,412832401
2023-10-27,11.05,11.06,10.4,10.6,221756572
2023-10-28,10.58,11.09,10.55,10.97,182810994
2023-10-29,10.96,11.45,10.79,11.39,168871436
2023-10-30,11.41,11.69,11.07,11.46,191351191
2023-10-31,11.46,11.76,11.01,11.34,272866211
2023-11-01,11.33,12.34,10.87,12.23,350918838
2023-11-02,12.24,12.54,11.44,11.87,309909401
2023-11-03,11.87,12.19,11.43,12.12,201311407
2023-11-04,12.1,12.34,11.93,12.22,141347218
2023-11-05,12.23,12.68,12.11,12.34,207720703
2023-11-06,12.38,13.17,12.25,13.08,240896569
2023-11-07,13.09,13.1,12.29,12.82,245856300
2023-11-08,12.82,13.15,12.67,13.0,209458240
2023-11-09,13.0,13.97,12.03,12.98,465665899
2023-11-10,12.97,14.86,12.89,14.75,582521599
2023-11-11,14.76,17.02,14.01,16.81,877647789
2023-11-12,16.8,20.39,15.89,19.18,1187221783
2023-11-13,19.18,19.76,16.11,16.12,809097302
2023-11-14,16.12,18.11,15.57,17.05,862325581
2023-11-15,17.06,20.96,17.02,20.7,1452314993
2023-11-16,20.69,24.09,20.24,21.71,1969218240
2023-11-17,21.71,24.7,20.0,21.99,1766426717
2023-11-18,21.98,22.72,20.19,22.0,796404080
2023-11-19,21.99,23.08,20.77,22.93,702412366
2023-11-20,22.93,23.31,20.72,20.86,724407341
2023-11-21,20.86,22.32,18.93,19.03,1103057165
2023-11-22,19.02,21.26,18.98,20.82,665175025
2023-11-23,20.81,21.49,20.45,20.65,403440858
2023-11-24,20.66,21.89,20.44,20.93,488485749
2023-11-25,20.89,21.49,20.65,21.38,301827799
2023-11-26,21.37,21.52,20.12,21.07,375491357
2023-11-27,21.08,21.31,19.83,20.37,385908219
2023-11-28,20.38,20.88,19.52,20.69,409866598
2023-11-29,20.7,21.58,20.57,21.11,490900529
2023-11-30,21.12,21.5,20.83,21.39,389076494
2023-12-01,21.41,22.74,21.11,21.87,564612277
2023-12-02,21.87,22.45,21.76,22.26,330816327
2023-12-03,22.26,22.76,21.62,21.94,363213096
2023-12-04,21.96,23.2,20.57,22.67,692986140
2023-12-05,22.69,24.82,21.81,24.55,815582253
2023-12-06,24.56,28.0,24.47,26.2,1460209508
2023-12-07,26.2,27.9,25.73,26.28,1020594712
2023-12-08,26.28,30.8,26.03,30.45,1198193714
2023-12-09,30.45,34.27,30.44,31.91,1781367115
2023-12-10,31.94,38.0,31.54,37.15,1655716991
2023-12-11,37.18,39.5,32.3,38.02,3273088459
2023-12-12,38.05,43.28,35.93,37.5,2639559669
2023-12-13,37.5,41.52,34.04,38.97,2490212384
2023-12-14,38.97,40.35,36.63,39.3,1571510677
2023-12-15,39.28,42.3,38.53,39.73,1987675065
2023-12-16,39.74,45.36,38.57,42.3,2062984465
2023-12-17,42.31,43.99,40.22,40.55,1267591263
2023-12-18,40.56,41.39,36.5,41.15,1569013140
2023-12-19,41.14,42.18,38.74,39.69,1162110260
2023-12-20,39.68,44.51,39.07,43.52,1501900736
2023-12-21,43.54,47.37,43.06,45.99,1804875169
2023-12-22,45.98,48.88,43.67,45.38,1716677537
2023-12-23,45.38,48.3,43.47,48.06,1256731782
2023-12-24,48.07,50.0,46.35,47.71,1711488144
2023-12-25,47.69,48.95,45.99,48.2,1173301947
2023-12-26,48.19,48.37,40.68,44.43,1272282582
2023-12-27,44.43,44.95,41.89,42.42,1041221252
2023-12-28,42.45,43.41,39.23,39.82,1132807530
2023-12-29,39.83,42.17,38.52,40.18,1101215880
2023-12-30,40.18,40.37,38.16,39.35,594951004
2023-12-31,39.33,40.51,37.43,38.49,578258573
2024-01-01,38.5,42.01,38.03,41.95,671490413
2024-01-02,41.96,43.46,40.33,40.58,869881311
2024-01-03,40.62,41.43,33.06,36.81,1364836993
2024-01-04,36.79,39.5,36.11,38.74,837720647
2024-01-05,38.79,38.95,34.98,36.48,806375166
2024-01-06,36.52,36.56,33.47,34.64,588059111
2024-01-07,34.62,35.8,33.11,33.64,626766433
2024-01-08,33.67,36.72,31.17,36.11,1051954159
2024-01-09,36.11,37.64,33.78,34.66,964444462
2024-01-10,34.63,39.58,33.33,38.57,1016992295
2024-01-11,38.61,42.0,37.54,39.33,1199348855
2024-01-12,39.33,39.58,34.36,35.89,838949726
2024-01-13,35.91,36.64,34.69,36.49,508938996
2024-01-14,36.48,37.89,35.25,35.25,612422802
2024-01-15,35.25,36.78,35.13,35.61,467302331
2024-01-16,35.6,36.5,34.76,35.57,480326505
2024-01-17,35.59,36.5,35.23,36.04,542915389
2024-01-18,36.03,36.16,32.68,33.56,565920717
2024-01-19,33.53,33.7,31.08,32.69,541126328
2024-01-20,32.69,32.96,32.01,32.87,335959594
2024-01-21,32.86,33.47,32.43,32.5,323246888
2024-01-22,32.49,32.71,29.28,29.5,625350714
2024-01-23,29.48,30.91,27.21,30.61,785003146
2024-01-24,30.62,31.9,29.48,31.19,644903093
2024-01-25,31.18,31.35,29.61,30.46,421239728
2024-01-26,30.45,33.1,30.1,32.29,539176077
2024-01-27,32.26,33.31,31.86,33.27,336041590
2024-01-28,33.28,36.72,33.21,34.82,966178090
2024-01-29,34.83,36.55,34.33,36.07,693709649
2024-01-30,36.09,37.14,34.99,35.22,681955940
2024-01-31,35.23,35.49,33.11,33.15,581078929
2024-02-01,33.15,33.95,32.27,33.85,476844022
2024-02-02,33.85,36.91,33.75,36.75,721421678
2024-02-03,36.78,37.59,35.39,35.94,463062303
2024-02-04,35.92,36.53,34.67,34.82,374440909
2024-02-05,34.82,35.87,34.08,34.5,430466400
2024-02-06,34.5,34.7,33.7,34.13,371504176
2024-02-07,34.12,35.52,33.63,35.33,434703122
2024-02-08,35.31,36.15,35.08,35.42,465036665
2024-02-09,35.44,38.6,35.42,38.02,734324526
2024-02-10,38.02,41.25,38.02,40.22,716869745
2024-02-11,40.23,41.22,39.38,39.73,506846339
2024-02-12,39.74,41.2,38.39,41.0,790355103
2024-02-13,41.0,41.71,38.85,39.77,707780905
2024-02-14,39.74,42.46,39.15,42.29,792191831
2024-02-15,42.27,43.64,40.93,41.59,822570663
2024-02-16,41.6,41.82,39.45,40.28,569724888
2024-02-17,40.28,40.48,38.41,39.77,449295833
2024-02-18,39.77,40.76,39.0,40.3,426847219
2024-02-19,40.32,40.65,39.1,39.47,583708516
2024-02-20,39.49,39.72,36.85,38.53,665731631
2024-02-21,38.54,38.56,35.9,37.61,522409643
2024-02-22,37.62,38.2,36.5,36.75,457923442
2024-02-23,36.74,36.93,35.14,35.91,474695416
2024-02-24,35.92,36.93,35.19,36.76,348541912
2024-02-25,36.75,37.58,36.43,37.43,348630081
2024-02-26,37.43,39.41,36.28,39.41,556405127
2024-02-27,39.41,39.96,38.34,39.27,507254829
2024-02-28,39.28,41.34,36.63,40.38,978077517
2024-02-29,40.38,44.64,39.66,40.99,1053380461
2024-03-01,41.01,43.38,41.0,42.7,649269967
2024-03-02,42.71,44.61,41.93,44.38,696365708
2024-03-03,44.37,44.92,40.36,42.6,618511855
2024-03-04,42.61,44.02,41.45,43.15,832140642
2024-03-05,43.14,45.14,34.87,39.48,1599003513
2024-03-06,39.48,42.17,37.94,41.58,750303597
2024-03-07,41.58,44.62,41.58,43.26,881639513
2024-03-08,43.27,44.04,41.0,42.71,693557709
2024-03-09,42.74,43.65,42.19,43.01,430944940
2024-03-10,43.01,43.99,41.0,42.1,496784831
2024-03-11,42.08,49.57,40.1,49.1,1729844746
2024-03-12,49.12,57.36,46.42,55.51,2700412078
2024-03-13,55.49,55.52,52.24,54.83,1263536738
2024-03-14,54.82,59.32,50.41,53.95,1860444499
2024-03-15,53.95,58.94,48.27,58.37,2858368931
2024-03-16,58.39,61.44,52.0,53.38,2266775404
2024-03-17,53.39,58.5,50.04,58.38,1531363097
2024-03-18,58.38,65.38,55.23,60.68,3107201148
2024-03-19,60.65,61.94,52.95,53.56,3043324575
2024-03-20,53.54,58.18,50.24,57.07,2192493076
2024-03-21,57.04,57.88,52.76,53.79,1155827899
2024-03-22,53.8,58.09,51.64,53.46,1355173584
2024-03-23,53.46,56.43,52.63,53.46,718419189
2024-03-24,53.46,55.84,52.45,55.72,580230389
2024-03-25,55.72,59.26,54.92,57.74,962007743
2024-03-26,57.75,59.31,55.3,55.77,907482590
2024-03-27,55.76,56.73,52.97,54.09,860804976
2024-03-28,54.05,55.06,53.13,54.64,484017125
2024-03-29,54.64,54.67,52.55,53.37,454703288
2024-03-30,53.36,54.65,52.78,52.94,370817943
2024-03-31,52.95,54.27,52.89,54.08,343450748
2024-04-01,54.08,54.16,50.27,51.4,779113611
2024-04-02,51.4,51.4,46.3,46.89,805544256
2024-04-03,46.89,48.32,45.0,45.89,585412701
2024-04-04,45.9,48.18,45.44,46.53,459366516
2024-04-05,46.5,46.63,44.0,45.33,447464945
2024-04-06,45.33,48.88,45.06,48.19,508811240
2024-04-07,48.2,49.49,47.89,49.32,328806120
2024-04-08,49.32,50.8,48.25,49.85,488704448
2024-04-09,49.83,49.97,46.24,46.46,437892500
2024-04-10,46.45,47.99,45.1,47.29,530754231
2024-04-11,47.23,47.5,45.61,46.03,371204369
2024-04-12,46.02,46.88,35.32,39.37,966043351
2024-04-13,39.37,39.37,29.38,33.97,1507323529
2024-04-14,33.96,37.93,32.66,37.32,1185559416
2024-04-15,37.31,38.65,34.12,35.18,931818442
2024-04-16,35.17,35.92,32.5,34.77,697719424
2024-04-17,34.76,35.37,32.23,33.56,603455739
2024-04-18,33.56,35.64,32.8,34.87,561597710
2024-04-19,34.85,36.14,31.93,34.71,630681834
2024-04-20,34.7,38.51,34.16,38.33,432114532
2024-04-21,38.31,38.79,36.37,37.16,351138122
2024-04-22,37.14,39.75,36.79,39.18,478316447
2024-04-23,39.2,39.93,37.99,38.27,352913077
2024-04-24,38.27,39.85,36.0,36.35,500406290
2024-04-25,36.33,36.74,34.68,35.59,411675388
2024-04-26,35.57,35.87,34.26,34.42,327221441
2024-04-27,34.42,35.11,33.1,34.46,331491157
2024-04-28,34.46,35.39,33.78,33.9,244157564
2024-04-29,33.89,35.88,32.84,35.29,442995634
2024-04-30,35.31,35.7,31.83,32.69,518107123
2024-05-01,32.67,33.93,30.56,33.29,620506676
2024-05-02,33.29,34.12,32.27,33.58,352653461
2024-05-03,33.62,36.01,33.31,35.56,314837755
2024-05-04,35.55,37.7,35.18,37.37,376360200
2024-05-05,37.37,38.01,36.68,37.35,338713061
2024-05-06,37.35,39.89,36.77,37.1,552983720
2024-05-07,37.1,37.6,35.27,35.27,369709353
2024-05-08,35.27,35.5,33.64,33.99,408813425
2024-05-09,33.99,35.38,33.72,35.06,314300331
2024-05-10,35.09,36.11,33.21,33.7,394839671
2024-05-11,33.7,34.03,33.06,33.47,226017886
2024-05-12,33.46,33.99,32.8,33.15,160171039
2024-05-13,33.13,33.8,31.93,32.42,377640764
2024-05-14,32.41,33.32,31.47,31.56,414009522
2024-05-15,31.58,34.8,31.34,34.69,493195941
2024-05-16,34.7,35.02,33.74,34.45,363745936
2024-05-17,34.48,37.6,34.26,36.46,503901274
2024-05-18,36.43,37.69,36.35,37.24,312377541
2024-05-19,37.26,37.77,35.38,35.6,308506373
2024-05-20,35.59,40.29,35.15,40.13,665621114
2024-05-21,40.14,41.43,39.67,41.2,775228484
2024-05-22,41.19,41.78,39.19,39.97,569900149
2024-05-23,39.99,40.45,36.5,38.47,738657009
2024-05-24,38.41,38.98,36.9,37.99,387867841
2024-05-25,37.99,38.7,37.71,38.28,231452356
2024-05-26,38.27,38.3,36.5,36.73,246541312
2024-05-27,36.74,38.91,36.63,38.23,369526478
2024-05-28,38.23,38.37,36.49,36.98,499550168
2024-05-29,36.98,37.45,36.08,36.14,386815665
2024-05-30,36.13,37.09,35.29,35.94,400927205
2024-05-31,35.93,36.76,35.18,36.0,304849133
2024-06-01,36.01,36.2,35.66,35.72,153306282
2024-06-02,35.72,36.15,34.75,34.88,242436678
2024-06-03,34.89,36.25,34.54,35.03,367614939
2024-06-04,35.02,36.28,34.46,36.06,331619265
2024-06-05,36.1,36.9,35.93,36.58,338905421
2024-06-06,36.59,37.19,35.72,35.88,288389895
2024-06-07,35.87,36.87,31.52,33.47,639619595
2024-06-08,33.46,33.71,31.94,32.28,283275581
2024-06-09,32.28,33.02,32.04,33.0,225586790
2024-06-10,32.99,33.46,32.03,32.27,339010385
2024-06-11,32.28,32.36,30.46,31.56,431914740
2024-06-12,31.55,33.99,30.8,33.26,393798586
2024-06-13,33.26,33.42,30.9,30.97,288165399
2024-06-14,31.0,32.19,29.3,30.28,375634359
2024-06-15,30.28,30.63,29.9,30.22,160233357
2024-06-16,30.21,30.47,29.65,30.05,183019542
2024-06-17,30.05,30.33,27.29,28.45,322647281
2024-06-18,28.46,28.54,25.05,26.58,449168310
2024-06-19,26.56,27.66,26.39,26.94,214897798
2024-06-20,26.93,28.87,26.67,27.57,295674926
2024-06-21,27.58,28.01,26.91,27.47,229113421
2024-06-22,27.44,27.49,24.0,25.61,568500434
2024-06-23,25.62,26.0,24.12,25.07,388408327
2024-06-24,25.06,25.23,23.51,24.78,451738262
2024-06-25,24.77,25.77,24.6,25.4,240499666
2024-06-26,25.39,26.64,25.27,25.8,341321541
2024-06-27,25.8,28.34,25.33,27.88,359682498
2024-06-28,27.87,29.05,27.64,27.96,328243749
2024-06-29,27.94,28.63,27.53,27.73,191296681
2024-06-30,27.74,29.52,27.36,29.32,255192412
2024-07-01,29.32,30.08,28.79,28.8,296949144
2024-07-02,28.8,28.87,28.06,28.68,250229605
2024-07-03,28.68,28.93,26.4,26.46,340094712
2024-07-04,26.45,26.67,24.27,24.43,534573189
2024-07-05,24.44,25.45,21.84,25.13,610525789
2024-07-06,25.11,27.61,24.86,27.44,251584025
2024-07-07,27.41,27.49,25.43,25.74,246740619
2024-07-08,25.75,27.21,24.55,25.21,457966073
2024-07-09,25.21,26.51,24.7,26.43,349286751
2024-07-10,26.43,27.42,25.62,25.74,255672807
2024-07-11,25.75,26.37,25.02,25.23,302646280
2024-07-12,25.24,26.1,24.82,25.97,245057056
2024-07-13,25.99,26.35,25.54,25.86,263193767
2024-07-14,25.85,26.68,25.61,26.36,251852910
2024-07-15,26.38,27.9,26.27,27.85,358080889
2024-07-16,27.85,29.26,26.47,28.03,474045817
2024-07-17,28.03,29.03,27.22,27.24,364404918
2024-07-18,27.24,27.94,26.59,27.13,270954780
2024-07-19,27.12,28.42,26.65,28.18,337996220
2024-07-20,28.18,29.19,27.8,29.11,247061759
2024-07-21,29.11,33.02,28.54,32.66,758424815
2024-07-22,32.69,32.94,31.33,31.85,499061368
2024-07-23,31.88,32.63,29.44,29.84,474364433
2024-07-24,29.82,30.55,28.25,28.39,447694427
2024-07-25,28.37,28.59,26.26,27.24,400103089
2024-07-26,27.23,28.86,27.17,28.73,345076408
2024-07-27,28.74,29.53,27.57,28.03,294617909
2024-07-28,28.02,28.17,27.09,27.39,186939609
2024-07-29,27.39,28.85,26.97,26.98,345660151
2024-07-30,27.0,27.31,26.01,26.33,233626464
2024-07-31,26.33,26.86,25.41,25.7,274132420
2024-08-01,25.7,25.91,24.01,25.69,296943609
2024-08-02,25.69,25.88,23.34,23.57,325550807
2024-08-03,23.58,24.09,22.18,22.66,270795273
2024-08-04,22.66,22.95,20.58,21.24,270824417
2024-08-05,21.24,21.36,17.28,19.55,987178111
2024-08-06,19.56,21.46,19.54,20.89,352023957
2024-08-07,20.88,21.7,19.71,19.85,285635733
2024-08-08,19.85,22.81,19.53,22.74,296564441
2024-08-09,22.72,22.81,21.3,21.75,237335760
2024-08-10,21.74,22.05,21.41,21.58,189436264
2024-08-11,21.59,22.38,20.38,20.4,241874343
2024-08-12,20.39,21.71,20.3,21.28,241874343
2024-08-13,21.28,21.63,20.61,21.39,189686139
2024-08-14,21.38,21.88,20.78,20.96,241013187
2024-08-15,20.96,21.15,19.85,20.14,241013187
2024-08-16,20.13,20.7,19.79,20.39,182512415
2024-08-17,20.35,20.71,20.25,20.7,151064030
2024-08-18,20.7,21.51,20.55,20.82,165359094
2024-08-19,20.82,21.26,20.39,21.24,283519502
2024-08-20,21.25,22.8,21.18,22.27,293546446
2024-08-21,22.27,23.8,22.26,23.54,342253539
2024-08-22,23.54,25.3,23.05,25.23,487111253
2024-08-23,25.23,27.04,25.23,26.53,487111253
2024-08-24,26.55,28.0,26.21,27.14,430711747
2024-08-25,27.13,27.71,26.14,26.93,359046087
2024-08-26,26.94,27.21,25.9,25.97,394304083
2024-08-27,25.98,26.83,23.64,24.1,344840066
2024-08-28,24.1,24.83,23.19,23.44,458648262
2024-08-29,23.43,24.69,22.78,22.89,344014351
2024-08-30,22.89,23.64,22.2,23.3,295788497
2024-08-31,23.29,23.39,22.47,22.81,225766458
2024-09-01,22.8,22.84,21.14,21.43,225766458
2024-09-02,21.42,22.57,21.37,22.36,223527548
2024-09-03,22.37,22.73,21.35,21.38,229694098
2024-09-04,21.39,22.31,20.5,21.91,278244477
2024-09-05,21.9,22.18,21.22,21.37,305777164
2024-09-06,21.37,22.19,20.46,21.16,361285209
2024-09-07,21.16,22.0,21.06,21.8,236441927
2024-09-08,21.81,23.51,21.72,23.25,284956740
2024-09-09,23.25,24.4,23.14,23.85,324553313
2024-09-10,23.85,24.58,23.58,24.35,283713248
2024-09-11,24.36,24.52,22.87,23.28,274933664
2024-09-12,23.28,24.19,23.27,24.01,258822734
2024-09-13,24.02,25.11,23.67,24.94,293710873
2024-09-14,24.93,25.66,24.63,25.34,232763434
2024-09-15,25.33,25.38,23.66,23.79,221364180
2024-09-16,23.78,24.22,23.19,23.52,308783445
2024-09-17,23.51,24.49,23.16,23.76,273701882
2024-09-18,23.76,24.77,22.79,24.72,285511315
2024-09-19,24.74,26.79,24.74,26.68,495542277
2024-09-20,26.67,28.82,26.48,27.65,653985052
2024-09-21,27.65,28.11,26.98,27.79,250736492
2024-09-22,27.79,27.8,26.46,27.33,249173071
2024-09-23,27.33,28.16,26.56,27.36,442986363
2024-09-24,27.37,28.55,26.83,28.47,344591266
2024-09-25,28.48,28.49,27.15,27.29,521578302
2024-09-26,27.29,29.43,26.97,29.16,538837500
2024-09-27,29.16,30.86,28.94,30.45,491652430
2024-09-28,30.45,30.76,29.04,29.29,316137421
2024-09-29,29.3,29.47,28.2,29.06,316838260
2024-09-30,29.06,29.13,27.55,27.7,459183155
2024-10-01,27.69,28.88,25.02,25.82,685013577
2024-10-02,25.8,26.78,25.03,25.32,513292334
2024-10-03,25.31,25.66,23.9,24.66,478531170
2024-10-04,24.66,26.5,24.44,26.27,384978706
2024-10-05,26.28,26.45,25.09,25.67,215991084
2024-10-06,25.67,27.06,25.5,26.95,284061648
2024-10-07,26.93,27.72,26.5,26.55,369501074
2024-10-08,26.56,27.16,26.04,26.32,336502082
2024-10-09,26.32,26.67,25.66,25.76,319134869
2024-10-10,25.76,26.34,25.04,25.84,298736618
2024-10-11,25.83,27.58,25.73,27.43,275196332
2024-10-12,27.44,29.38,27.37,28.63,429040871
2024-10-13,28.63,29.34,28.27,29.05,332528119
2024-10-14,29.03,29.86,28.63,29.06,496458846
2024-10-15,29.06,29.61,27.54,28.22,585677324
2024-10-16,28.22,28.25,27.25,28.01,440383607
2024-10-17,28.03,28.26,26.79,27.28,287743111
2024-10-18,27.27,28.17,27.1,28.1,206678714
2024-10-19,28.1,28.45,27.73,28.1,173485214
2024-10-20,28.11,28.99,27.76,28.97,170244986
2024-10-21,28.98,29.31,27.37,27.74,377984878
2024-10-22,27.74,28.21,27.23,27.61,376075739
2024-10-23,27.63,27.68,25.86,26.72,373038659
2024-10-24,26.73,27.22,26.37,26.8,251697371
2024-10-25,26.81,26.86,23.97,24.89,353648637
2024-10-26,24.9,25.65,24.53,25.38,331818494
2024-10-27,25.39,25.9,25.22,25.74,151373565
2024-10-28,25.73,26.52,25.03,26.23,283349130
2024-10-29,26.24,27.15,26.15,26.86,357856630
2024-10-30,26.86,26.9,26.0,26.17,350854731
2024-10-31,26.17,26.22,24.66,24.98,267838910
2024-11-01,24.97,25.7,24.39,24.77,351433274
2024-11-02,24.76,25.01,23.97,24.12,203471720
2024-11-03,24.12,24.2,22.59,23.52,314331657
2024-11-04,23.51,23.93,22.33,22.73,292341402
2024-11-05,22.71,24.48,22.59,24.0,332736579
2024-11-06,24.0,27.31,24.0,27.06,667597776
2024-11-07,27.05,28.02,26.55,27.41,611293072
2024-11-08,27.41,28.82,27.13,28.81,557226086
2024-11-09,28.81,30.51,28.51,30.43,519852133
2024-11-10,30.42,33.35,29.7,31.91,1071053950
2024-11-11,31.92,35.82,30.72,35.75,1369370972
2024-11-12,35.77,37.73,32.68,33.96,2028579568
2024-11-13,33.98,35.13,31.25,33.17,1511749059
2024-11-14,33.16,34.73,30.69,31.19,909081485
2024-11-15,31.2,33.32,30.6,33.14,716478284
2024-11-16,33.14,35.74,32.8,35.17,864730371
2024-11-17,35.17,37.26,33.11,34.72,1178771213
2024-11-18,34.72,36.19,34.1,35.51,917888128
2024-11-19,35.5,35.67,33.55,34.27,687599973
2024-11-20,34.26,35.79,32.81,33.61,821911995
2024-11-21,33.61,36.26,32.36,35.85,1017724481
2024-11-22,35.87,43.66,35.21,43.25,1853305714
2024-11-23,43.25,45.41,40.73,41.48,2348636320
2024-11-24,41.49,43.18,38.33,42.11,1401619979
2024-11-25,42.13,47.97,40.06,41.33,2198820064
2024-11-26,41.32,43.3,38.5,42.7,1578692608
2024-11-27,42.71,44.45,41.92,43.83,1252956457
2024-11-28,43.83,44.28,41.51,42.77,787458648
2024-11-29,42.78,45.13,42.55,44.89,755020169
2024-11-30,44.89,46.29,43.72,44.84,827876686
2024-12-01,44.85,45.81,43.67,45.09,750033624
2024-12-02,45.11,52.53,45.04,52.3,3304021551
2024-12-03,52.3,53.95,47.82,50.95,2703380992
2024-12-04,50.95,55.86,50.89,52.86,1904631552
2024-12-05,52.85,53.65,49.05,50.35,1486411527
2024-12-06,50.36,53.6,49.65,52.56,1185308585
2024-12-07,52.55,53.12,51.27,51.63,611979203
2024-12-08,51.62,54.45,50.39,53.98,814725035
2024-12-09,54.0,54.23,40.56,45.04,1930934570
2024-12-10,45.03,46.5,41.32,44.63,1969832214
2024-12-11,44.64,48.49,42.84,48.49,910762300
2024-12-12,48.5,55.41,48.25,53.15,1824782725
2024-12-13,53.14,54.01,50.88,52.75,1028274021
2024-12-14,52.74,53.83,49.38,49.85,783907449
2024-12-15,49.84,51.37,48.11,50.75,755577878
2024-12-16,50.76,52.01,48.31,48.99,1085618547
2024-12-17,49.01,50.84,47.54,47.91,744111871
2024-12-18,47.92,48.19,42.6,42.74,1142828284
2024-12-19,42.74,43.59,37.35,38.79,1335330507
2024-12-20,38.8,40.35,33.55,39.84,1322742516
2024-12-21,39.84,42.35,36.91,37.41,721265664
2024-12-22,37.42,38.51,35.5,36.54,512824679
2024-12-23,36.52,39.7,35.6,39.06,789241250
2024-12-24,39.04,42.05,37.63,41.22,735679168
2024-12-25,41.19,41.85,39.78,40.23,399821312
2024-12-26,40.24,40.71,36.93,37.29,504900895
2024-12-27,37.28,38.99,36.26,36.51,476955456
2024-12-28,36.51,38.07,36.24,37.68,315276472
2024-12-29,37.68,37.74,35.46,35.78,338847922
2024-12-30,35.76,37.13,34.78,35.9,608777704
2024-12-31,35.9,37.25,34.88,35.63,375276704
2025-01-01,35.63,37.91,34.9,37.7,334807162
2025-01-02,37.71,40.56,37.71,39.27,534628448
2025-01-03,39.27,42.15,38.88,41.92,617233780
2025-01-04,41.91,42.82,40.89,42.65,451368108
2025-01-05,42.66,43.19,41.23,43.09,407452544
2025-01-06,43.09,45.05,42.02,44.07,676573179
2025-01-07,44.08,44.59,39.12,39.18,718791551
2025-01-08,39.19,39.92,36.18,37.41,698269184
2025-01-09,37.36,37.93,35.51,36.2,493486848
2025-01-10,36.19,37.92,35.93,36.68,514019040
2025-01-11,36.68,37.77,36.0,37.18,264638508
2025-01-12,37.17,37.62,36.09,36.54,257383920
2025-01-13,36.53,37.33,32.75,35.3,572190127
2025-01-14,35.3,36.7,34.97,36.56,317337328
2025-01-15,36.56,40.03,36.19,39.84,500173934
2025-01-16,39.84,40.52,38.33,40.06,528493561
2025-01-17,40.06,41.85,40.06,41.38,450836838
2025-01-18,41.39,41.69,38.27,39.19,500077820
2025-01-19,39.2,40.55,34.93,35.63,860313012
2025-01-20,35.63,40.08,34.45,35.99,1298633728
2025-01-21,35.99,37.59,34.48,36.95,640832119
2025-01-22,36.95,37.78,36.47,36.78,330989804
2025-01-23,36.79,36.94,34.66,35.56,459408615
2025-01-24,35.55,36.81,34.56,35.33,561930582
2025-01-25,35.32,37.25,34.9,36.6,667643655
2025-01-26,36.6,38.17,35.67,35.73,370005473
2025-01-27,35.72,36.06,32.84,34.2,709947072
2025-01-28,34.19,34.52,31.82,32.05,347595465
2025-01-29,32.08,33.84,31.83,32.8,427344160
2025-01-30,32.82,34.7,32.44,34.29,330973792
2025-01-31,34.29,36.18,33.81,34.39,408161766
2025-02-01,34.38,35.09,31.86,32.1,298434498
2025-02-02,32.09,32.58,25.9,27.63,826871839
2025-02-03,27.63,28.81,21.49,28.44,1900848256
2025-02-04,28.44,28.67,25.57,26.47,684383424
2025-02-05,26.48,27.43,25.62,25.85,414396000
2025-02-06,25.85,26.83,24.28,24.53,359364928
2025-02-07,24.5,26.23,23.72,24.47,374747957
2025-02-08,24.46,24.84,23.92,24.59,205811920
2025-02-09,24.59,25.52,23.66,24.92,277872000
2025-02-10,24.93,25.99,23.88,25.68,355631136
2025-02-11,25.68,27.02,24.89,25.39,372729241
2025-02-12,25.37,27.09,24.29,26.5,452352647
2025-02-13,26.51,26.61,25.09,25.4,323133024
2025-02-14,25.42,27.22,25.3,26.39,338474858
2025-02-15,26.39,26.96,25.4,25.48,205666896
2025-02-16,25.49,25.59,24.76,24.86,208197236
2025-02-17,24.86,25.95,24.42,25.02,330618844
2025-02-18,25.03,25.12,22.92,23.53,381480791
2025-02-19,23.52,24.01,22.98,23.74,298284192
2025-02-20,23.74,25.36,23.72,25.19,352566834
2025-02-21,25.19,26.55,23.76,24.52,601404830
2025-02-22,24.52,26.37,24.43,25.85,420018432
2025-02-23,25.84,25.98,24.41,24.86,256055664
2025-02-24,24.87,25.19,21.48,21.87,556184604
2025-02-25,21.87,22.31,20.3,21.93,1077683584
2025-02-26,21.93,22.57,20.97,21.85,528245201
2025-02-27,21.86,23.36,21.62,22.52,413198029
2025-02-28,22.52,22.58,20.22,22.37,757075904
2025-03-01,22.37,22.49,21.05,21.87,266943722
2025-03-02,21.86,25.0,21.56,24.96,815445770
2025-03-03,24.95,25.11,20.56,20.94,617758784
2025-03-04,20.94,21.1,18.84,20.0,762415239
2025-03-05,19.99,22.48,19.68,21.73,558367629
2025-03-06,21.72,22.58,20.89,20.99,519571616
2025-03-07,20.99,21.31,19.68,20.1,556397312
2025-03-08,20.08,21.09,19.42,20.48,347532256
2025-03-09,20.48,20.68,17.77,17.96,320273559
2025-03-10,17.97,19.07,16.14,16.25,527953869
2025-03-11,16.26,17.91,15.28,17.51,706070272
2025-03-12,17.52,18.97,16.93,18.96,418884253
2025-03-13,18.97,19.32,17.73,18.52,357447077
2025-03-14,18.52,19.3,18.46,18.57,299117682
2025-03-15,18.57,19.47,18.37,19.4,274731087
2025-03-16,19.42,19.85,18.13,18.26,307381504
2025-03-17,18.26,19.09,18.19,18.84,267610736
2025-03-18,18.83,19.28,18.33,18.99,265141173
2025-03-19,18.97,20.09,18.84,19.74,361404418
2025-03-20,19.74,19.86,18.4,18.72,261264096
2025-03-21,18.73,19.49,18.35,19.17,192050442
2025-03-22,19.18,19.74,19.08,19.42,171778320
2025-03-23,19.42,19.84,19.31,19.81,160264018
2025-03-24,19.81,22.14,19.78,21.47,502855575
2025-03-25,21.48,23.47,21.3,22.9,368087459
2025-03-26,22.93,23.25,21.82,22.04,317857696
2025-03-27,22.04,22.38,21.63,22.02,239770976
2025-03-28,22.02,22.2,19.76,20.35,324964703
2025-03-29,20.36,20.53,19.46,19.59,240609376
2025-03-30,19.6,19.91,18.69,18.86,222561606
2025-03-31,18.87,19.11,18.17,18.78,268728256
2025-04-01,18.75,19.94,18.72,19.83,287419415
2025-04-02,19.83,19.91,17.76,17.99,475338408
2025-04-03,17.98,18.98,17.57,18.15,460141600
2025-04-04,18.15,18.77,17.61,18.17,358003936
2025-04-05,18.17,18.37,17.69,17.87,135715781
2025-04-06,17.87,17.92,15.61,16.03,354643328
2025-04-07,16.04,17.17,14.65,16.68,780188800
2025-04-08,16.68,17.73,15.92,16.14,361405461
2025-04-09,16.14,18.9,15.58,18.42,610138171
2025-04-10,18.43,18.45,17.56,18.32,492426976
2025-04-11,18.32,19.56,18.29,19.12,331255925
2025-04-12,19.12,21.02,18.84,20.49,330578712
2025-04-13,20.5,20.68,19.27,19.58,342985184
2025-04-14,19.57,20.67,19.55,20.11,393253373
2025-04-15,20.12,20.28,18.96,19.02,269573528
2025-04-16,19.0,19.28,18.5,18.76,246924498
2025-04-17,18.74,19.55,18.69,19.06,244651312
2025-04-18,19.07,19.34,18.84,19.07,125828078
2025-04-19,19.06,20.36,19.03,19.89,188944238
2025-04-20,19.9,20.04,19.23,19.52,206845460
2025-04-21,19.52,20.94,19.51,19.93,347296926
2025-04-22,19.91,22.3,19.44,22.12,510841985
2025-04-23,22.13,23.09,21.89,22.36,494793824
2025-04-24,22.37,22.64,21.62,22.38,330058016
2025-04-25,22.37,22.89,21.79,22.18,383871397
2025-04-26,22.18,23.0,21.72,22.41,311354223
2025-04-27,22.43,22.81,21.67,21.73,255674724
2025-04-28,21.73,22.44,21.03,21.85,366359713
2025-04-29,21.85,22.32,21.27,21.58,281327923
2025-04-30,21.57,21.94,20.37,20.93,313894877
2025-05-01,20.93,21.88,20.82,21.62,349897280
2025-05-02,21.65,22.2,20.97,21.25,293075581
2025-05-03,21.25,21.28,20.49,20.53,181456371
2025-05-04,20.52,20.64,19.77,19.9,194980501
2025-05-05,19.9,20.24,19.3,19.69,219716897
2025-05-06,19.7,20.13,19.27,20.01,248429184
2025-05-07,20.0,20.27,19.07,19.55,295280287
2025-05-08,19.55,22.17,19.5,22.16,589765975
2025-05-09,22.15,24.0,21.96,23.27,645061542
2025-05-10,23.28,25.98,23.02,25.81,702504192
2025-05-11,25.81,26.02,24.15,24.8,706413568
2025-05-12,24.79,26.84,23.73,24.83,828794426
2025-05-13,24.84,26.27,23.44,25.73,512615888
2025-05-14,25.72,26.53,24.75,24.97,582877002
2025-05-15,24.96,25.13,22.94,23.52,638331250
2025-05-16,23.52,24.06,22.68,23.08,422197814
2025-05-17,23.06,23.14,21.96,22.2,435356952
2025-05-18,22.19,23.87,21.59,23.07,506303004
2025-05-19,23.07,23.2,21.27,22.26,389046912
2025-05-20,22.27,22.83,21.77,22.64,384112762
2025-05-21,22.64,23.82,22.16,23.18,590362816
2025-05-22,23.2,25.43,23.14,25.26,744143680
2025-05-23,25.27,25.98,22.92,23.07,748918967
2025-05-24,23.07,23.49,22.76,22.96,350540894
2025-05-25,22.95,23.49,22.04,23.46,331302370
2025-05-26,23.47,24.02,22.89,23.07,413600080
2025-05-27,23.07,23.9,22.52,23.39,431029162
2025-05-28,23.38,23.78,22.77,23.62,552513610
2025-05-29,23.62,24.36,22.17,22.24,607428819
2025-05-30,22.25,22.34,20.41,20.57,607428819
2025-05-31,20.55,21.13,19.79,20.81,390994869
2025-06-01,20.81,20.98,20.19,20.89,248915482
2025-06-02,20.9,21.32,20.23,21.16,373662393
2025-06-03,21.16,21.71,20.91,21.16,342488538
2025-06-04,21.15,21.65,20.08,20.1,327713101
2025-06-05,20.09,20.56,18.43,18.76,476076764
2025-06-06,18.76,19.97,18.65,19.66,307730766
2025-06-07,19.67,21.14,19.59,20.66,260705819
2025-06-08,20.66,21.5,20.15,21.06,331927424
2025-06-09,21.05,22.05,20.22,21.98,474032077
2025-06-10,21.96,22.59,21.53,22.57,569684230
2025-06-11,22.58,22.77,21.33,21.58,531852889
2025-06-12,21.56,21.63,20.17,20.3,599905664
2025-06-13,20.29,20.31,18.49,19.43,679579060
2025-06-14,19.43,19.44,18.72,18.95,206828236
2025-06-15,18.95,19.29,18.74,19.11,229556552
2025-06-16,19.11,20.01,18.9,19.07,403108299
2025-06-17,19.07,19.49,18.13,18.59,379172704
2025-06-18,18.6,18.91,18.07,18.17,366799967
2025-06-19,18.18,18.39,17.65,18.06,315246811
2025-06-20,18.07,18.42,16.95,17.38,339553073
2025-06-21,17.38,17.64,16.33,16.83,381392096
2025-06-22,16.83,17.11,15.62,16.54,443647758
2025-06-23,16.53,18.21,16.27,18.09,551684595
2025-06-24,18.08,18.5,17.91,18.24,355342749
2025-06-25,18.23,18.38,17.43,17.58,279109792
2025-06-26,17.58,18.03,17.1,17.24,235439480
2025-06-27,17.24,17.79,17.03,17.59,210772393
2025-06-28,17.59,18.08,17.49,17.99,209495241
2025-06-29,18.0,18.89,17.81,18.75,255422449
2025-06-30,18.74,18.88,17.71,17.97,282289662
2025-07-01,17.97,18.06,16.96,17.11,227970880
2025-07-02,17.1,18.85,16.97,18.52,404575104
2025-07-03,18.55,19.18,18.35,18.55,369374721
2025-07-04,18.55,18.88,17.52,17.81,274810097
2025-07-05,17.78,17.99,17.63,17.92,118977333
2025-07-06,17.92,18.62,17.75,18.32,203117973
2025-07-07,18.32,18.6,17.81,17.98,201456736
2025-07-08,17.98,18.48,17.69,18.37,243240584
2025-07-09,18.37,19.62,18.09,19.52,470354560
2025-07-10,19.53,20.78,19.33,20.71,588285376
2025-07-11,20.71,21.53,20.33,20.68,653443134
2025-07-12,20.68,21.09,20.18,20.69,418609980
2025-07-13,20.7,21.79,20.68,21.21,543346177
2025-07-14,21.21,22.08,21.02,21.26,597398464
2025-07-15,21.26,22.57,20.4,22.51,857272986
2025-07-16,22.52,23.03,21.62,22.69,678757694
2025-07-17,22.7,24.34,22.03,23.93,1030157120
2025-07-18,23.93,25.04,23.08,23.54,974862546
2025-07-19,23.53,25.24,23.02,24.51,650216832
2025-07-20,24.52,25.56,24.31,25.05,726395264
2025-07-21,25.05,26.5,24.65,25.45,1205825940
2025-07-22,25.45,26.09,24.71,25.9,1450597380
2025-07-23,25.9,26.12,23.16,23.96,906923526
2025-07-24,23.94,24.46,22.56,23.68,734825664
2025-07-25,23.68,24.04,22.87,24.0,590812697
2025-07-26,24.01,25.77,23.85,24.93,594677159
2025-07-27,24.94,26.46,24.76,26.06,602093312
2025-07-28,26.07,27.39,24.99,25.21,1151891968
2025-07-29,25.21,25.51,23.87,24.37,1099619833
2025-07-30,24.37,24.51,22.4,23.31,780523121
2025-07-31,23.31,24.12,22.39,22.48,765144788
2025-08-01,22.47,22.58,21.01,21.52,765144788
2025-08-02,21.48,21.81,20.66,20.86,361620289
2025-08-03,20.84,21.54,20.57,21.37,350475266
2025-08-04,21.4,23.15,21.34,23.11,574414794
2025-08-05,23.11,23.13,21.42,21.92,574414794
2025-08-06,21.91,22.39,21.57,22.23,441314304
2025-08-07,22.23,23.37,21.96,23.37,744389440
2025-08-08,23.37,23.87,23.02,23.8,729617997
2025-08-09,23.81,24.81,23.74,24.25,750761536
2025-08-10,24.26,24.55,23.25,23.84,507882880
2025-08-11,23.84,24.62,22.66,22.78,672266231
2025-08-12,22.77,24.91,22.75,24.67,803172800
2025-08-13,24.67,25.71,24.36,25.48,838158912
2025-08-14,25.49,26.0,23.2,23.67,1249228032
2025-08-15,23.65,25.68,23.48,23.78,1228378186
2025-08-16,23.78,24.39,23.58,24.32,447538373
2025-08-17,24.31,25.68,24.04,25.08,851867520
2025-08-18,25.07,25.33,23.37,23.7,845916501
2025-08-19,23.7,24.07,22.3,22.36,629987997
2025-08-20,22.37,23.55,22.23,23.45,533017799
2025-08-21,23.46,23.65,22.71,22.77,402640962
2025-08-22,22.77,25.4,22.19,25.24,1050508414
2025-08-23,25.26,26.74,24.47,26.26,1233455583
2025-08-24,26.25,26.56,24.93,25.82,934268288
2025-08-25,25.82,25.98,23.04,23.36,940439266
2025-08-26,23.33,24.35,23.09,24.17,618664019
2025-08-27,24.17,25.32,23.86,24.42,776300691
2025-08-28,24.42,25.08,24.13,24.93,632225259
2025-08-29,24.92,25.2,23.2,23.55,845036299
2025-08-30,23.55,23.94,23.11,23.78,319309453
2025-08-31,23.78,24.19,23.38,23.39,334086752
2025-09-01,23.37,24.32,22.68,23.23,736005355
2025-09-02,23.21,24.49,23.03,24.46,744153049
2025-09-03,24.47,25.77,24.27,25.21,758957141
2025-09-04,25.2,25.28,24.18,24.22,527096224
2025-09-05,24.2,25.11,23.85,24.48,658900687
2025-09-06,24.47,24.61,24.1,24.38,268495515
2025-09-07,24.38,24.94,24.26,24.69,334443925
2025-09-08,24.69,25.79,24.53,25.28,634800320
2025-09-09,25.28,26.36,24.91,25.94,907855023
2025-09-10,25.94,29.52,25.75,29.48,1884929841
2025-09-11,29.48,30.0,28.43,29.16,1786690378
2025-09-12,29.17,29.42,28.24,29.01,1099173268
2025-09-13,29.01,31.27,28.77,30.11,1504154570
2025-09-14,30.1,30.65,28.98,29.47,1504154570
2025-09-15,29.45,30.43,28.26,29.82,1233415310
2025-09-16,29.82,30.98,29.16,30.08,1233415310
2025-09-17,30.08,32.0,29.39,31.82,2214636607
2025-09-18,31.83,35.45,31.65,35.2,2214636607
2025-09-19,35.2,35.82,33.37,33.76,2214636607
2025-09-20,33.75,34.15,32.89,33.19,860272327
2025-09-21,33.2,33.62,32.61,33.06,937965824
2025-09-22,33.06,33.99,29.52,33.9,2525312256
2025-09-23,33.89,36.19,32.78,33.61,2623574371
2025-09-24,33.6,34.86,32.27,32.33,1422529661
2025-09-25,32.32,32.79,28.54,28.66,1693878830
2025-09-26,28.65,29.61,27.07,29.12,1647707011
2025-09-27,29.11,29.11,28.24,28.77,587957087
2025-09-28,28.78,30.19,27.94,29.99,973854459
2025-09-29,30.0,30.86,29.15,30.41,1273919331
2025-09-30,30.43,30.73,28.82,30.04,981285193
2025-10-01,30.03,31.1,29.62,30.75,1183123712
2025-10-02,30.76,31.41,29.53,30.99,1558734326
2025-10-03,30.99,31.59,30.01,31.34,1167826177
2025-10-04,31.35,31.46,29.88,30.13,695502080
2025-10-05,30.14,31.21,29.65,30.09,799399262
2025-10-06,30.09,31.04,29.96,30.63,805717499
2025-10-07,30.63,30.74,27.84,27.94,1154205440
2025-10-08,27.94,29.64,27.86,28.81,716426782
2025-10-09,28.82,28.9,27.59,28.39,610091603
2025-10-10,28.42,28.61,17.0,20.75,2804182528
2025-10-11,20.76,23.4,20.42,21.48,1589010716
2025-10-12,21.48,23.37,20.68,22.53,1355555712
2025-10-13,22.54,24.07,21.76,23.82,1570962949
2025-10-14,23.83,23.93,21.83,22.75,1229012211
2025-10-15,22.74,23.29,21.57,21.92,728451123
2025-10-16,21.93,22.4,20.6,20.97,808359413
2025-10-17,20.98,21.28,19.03,19.96,925795295
2025-10-18,19.97,20.42,19.84,20.23,345603953
2025-10-19,20.22,20.85,19.76,20.6,488376064
2025-10-20,20.59,21.21,20.18,20.35,656925336
2025-10-21,20.34,20.97,19.48,19.55,656925336
2025-10-22,19.54,19.72,18.42,19.02,571554469
2025-10-23,19.02,19.74,18.98,19.14,449179840
2025-10-24,19.14,19.98,19.03,19.51,431746285
2025-10-25,19.51,19.78,19.25,19.72,549295335
2025-10-26,19.71,20.95,19.35,20.83,575822208
2025-10-27,20.83,21.1,20.18,20.33,551989050
2025-10-28,20.33,20.52,19.14,19.47,551989050
2025-10-29,19.47,20.2,19.31,19.66,654653081
2025-10-30,19.66,19.96,17.53,18.11,654653081
2025-10-31,18.1,18.58,17.75,18.18,442323772
2025-11-01,18.19,18.74,18.08,18.71,270439301
2025-11-02,18.71,19.0,18.1,18.81,270439301
2025-11-03,18.81,18.92,15.92,16.64,853804280
2025-11-04,16.63,17.0,15.0,15.99,853804280
2025-11-05,15.98,16.99,15.29,16.62,853804280
2025-11-06,16.61,16.73,15.59,16.11,815955060
2025-11-07,16.11,18.04,16.04,17.74,815955060
2025-11-08,17.75,18.4,17.02,17.5,503095108
2025-11-09,17.5,17.92,16.8,17.76,503095108
2025-11-10,17.77,18.36,17.64,18.19,491994752
2025-11-11,18.2,18.6,16.97,16.99,481673918
2025-11-12,17.01,17.76,16.64,16.82,476351274
2025-11-13,16.82,17.69,15.76,16.09,584449657
2025-11-14,16.09,16.17,14.84,15.12,699471351
2025-11-15,15.12,15.78,15.1,15.51,256109519
2025-11-16,15.52,15.85,14.62,15.13,506323424
2025-11-17,15.14,15.81,14.24,14.51,612990821
2025-11-18,14.52,14.91,14.02,14.58,612990821
2025-11-19,14.58,14.68,13.69,14.27,539333206
2025-11-20,14.26,14.51,13.49,13.8,537499072
2025-11-21,13.79,13.97,12.51,13.29,733078170
2025-11-22,13.28,13.38,13.03,13.23,366249003
2025-11-23,13.23,13.46,13.2,13.27,311758048
2025-11-24,13.27,14.05,13.16,13.89,433963981
2025-11-25,13.89,14.37,13.69,14.17,427957253
2025-11-26,14.17,14.96,13.91,14.95,475963232
2025-11-27,14.96,15.16,14.88,15.03,393345152
2025-11-28,15.02,15.27,14.8,14.86,412152128
2025-11-29,14.85,14.91,14.19,14.26,295141415
2025-11-30,14.25,14.34,13.66,13.71,443771744
2025-12-01,13.72,13.73,12.55,12.76,508212904
2025-12-02,12.75,13.76,12.72,13.63,613390657
2025-12-03,13.64,15.08,13.58,14.79,613390657
2025-12-04,14.79,14.88,14.21,14.41,613390657
2025-12-05,14.4,14.53,13.12,13.2,450129031
2025-12-06,13.19,13.49,13.15,13.41,329002415
2025-12-07,13.41,13.85,12.96,13.49,350082272
2025-12-08,13.48,13.91,13.38,13.65,325085809
2025-12-09,13.64,14.73,13.5,14.6,465852924
2025-12-10,14.61,14.82,14.11,14.12,503133696
2025-12-11,14.11,14.11,12.89,13.42,480138909
2025-12-12,13.42,13.8,12.81,13.11,341829709
2025-12-13,13.11,13.47,13.1,13.38,217947611
2025-12-14,13.37,13.4,12.74,12.88,258345008
2025-12-15,12.88,13.35,12.21,12.34,407488964
2025-12-16,12.34,12.39,11.92,12.34,371980854
2025-12-17,12.34,12.65,11.7,11.86,415224830
2025-12-18,11.86,12.3,11.28,11.43,458277072
2025-12-19,11.43,12.45,11.26,12.25,432721224
2025-12-20,12.25,12.37,12.13,12.21,156296558
2025-12-21,12.21,12.33,11.96,12.16,189790825
2025-12-22,12.16,12.44,12.01,12.41,362302026
2025-12-23,12.41,12.54,11.84,12.17,333331291
2025-12-24,12.18,12.22,11.88,12.09,222075714
2025-12-25,12.09,12.54,12.05,12.08,333969896
2025-12-26,12.07,12.6,12.03,12.34,275491095
2025-12-27,12.33,12.78,12.33,12.69,221344320
2025-12-28,12.7,12.88,12.52,12.64,264797795
2025-12-29,12.64,13.18,12.33,12.36,404455132
2025-12-30,12.35,12.63,12.32,12.56,245029924
2025-12-31,12.56,12.7,12.24,12.3,246120131
2026-01-01,12.3,13.66,12.2,13.56,529556480
2026-01-02,13.57,13.97,13.08,13.81,458581472
2026-01-03,13.81,14.38,13.66,13.99,385488926
2026-01-04,13.99,14.48,13.89,14.24,364033152
2026-01-05,14.24,14.72,13.9,14.45,474422003
2026-01-06,14.46,14.83,14.24,14.59,505830422
2026-01-07,14.58,14.58,13.88,14.1,366729942
2026-01-08,14.11,14.23,13.57,13.87,304474272
2026-01-09,13.88,14.21,13.59,13.77,302368339
2026-01-10,13.77,13.92,13.63,13.72,133561469
2026-01-11,13.72,13.97,13.47,13.68,297845536
2026-01-12,13.68,14.2,13.38,13.5,521133495
2026-01-13,13.48,14.85,13.46,14.75,623900864
2026-01-14,14.75,14.94,14.41,14.61,473057629
2026-01-15,14.61,14.63,13.63,13.82,392082413
2026-01-16,13.82,13.87,13.2,13.58,349728843
2026-01-17,13.58,13.96,13.53,13.74,214663450
2026-01-18,13.74,13.82,12.95,12.96,397248128
2026-01-19,12.95,12.95,12.4,12.72,421741478
2026-01-20,12.72,12.75,11.97,12.06,420380522
2026-01-21,12.07,12.71,11.88,12.4,413232612
2026-01-22,12.41,12.61,12.03,12.19,230828768
2026-01-23,12.19,12.49,11.99,12.12,274474095
2026-01-24,12.12,12.17,11.95,12.02,132020856
2026-01-25,12.03,12.06,11.23,11.49,320767776
2026-01-26,11.48,11.91,11.46,11.71,289266761
2026-01-27,11.71,12.19,11.57,12.14,287435456
2026-01-28,12.15,12.27,11.91,12.06,272901952
2026-01-29,12.06,12.07,10.79,11.03,582748736
2026-01-30,11.03,11.07,10.62,10.86,475341331
2026-01-31,10.86,10.88,9.14,10.11,703916928
2026-02-01,10.11,10.24,9.67,9.92,420618144
2026-02-02,9.93,10.31,9.52,10.14,446830933
2026-02-03,10.15,10.33,9.52,9.91,446830933
2026-02-04,9.91,10.15,9.53,9.7,840304274
2026-02-05,9.7,9.83,8.23,8.3,840304274
2026-02-06,8.31,9.46,7.53,9.26,659540562
2026-02-07,9.25,9.38,8.91,9.22,385854139
2026-02-08,9.22,9.29,9.0,9.07,212700208
2026-02-09,9.07,9.19,8.72,9.05,246020295
2026-02-10,9.06,9.1,8.66,8.74,243268696
2026-02-11,8.75,8.96,8.43,8.63,305260317
2026-02-12,8.63,8.97,8.62,8.89,265609102
2026-02-13,8.89,9.24,8.73,9.14,230354164
2026-02-14,9.14,9.71,9.12,9.59,252733920
2026-02-15,9.6,9.74,9.13,9.28,256256263
2026-02-16,9.27,9.41,9.0,9.26,209062172
2026-02-17,9.26,9.29,9.0,9.13,182973664
2026-02-18,9.13,9.2,8.76,8.85,199230788
2026-02-19,8.85,8.93,8.66,8.89,220673749
2026-02-20,8.89,9.35,8.88,9.17,294637765
2026-02-21,9.17,9.44,9.1,9.11,190585929
2026-02-22,9.11,9.11,8.79,8.88,249952704
2026-02-23,8.88,8.89,8.27,8.37,323517916
2026-02-24,8.37,8.44,8.18,8.28,249275536
2026-02-25,8.28,9.84,8.27,9.51,697210560
2026-02-26,9.52,9.63,9.1,9.3,427275005
2026-02-27,9.31,9.48,8.79,8.95,330920274
2026-02-28,8.95,9.26,8.44,9.16,515107412
2026-03-01,9.19,9.43,8.85,9.03,436042792
2026-03-02,9.03,9.48,8.87,9.17,377731806
2026-03-03,9.17,9.33,8.9,9.18,484398193
2026-03-04,9.18,9.78,9.0,9.5,484398193
2026-03-05,9.5,9.58,9.27,9.38,484398193
2026-03-06,9.39,9.46,8.88,9.03,296804269
2026-03-07,9.02,9.08,8.88,8.91,195317606
2026-03-08,8.92,9.02,8.69,8.82,218001712
2026-03-09,8.83,9.53,8.82,9.26,361782674
2026-03-10,9.26,9.96,9.25,9.53,382074266
2026-03-11,9.54,9.86,9.48,9.55,382074266
2026-03-12,9.56,9.74,9.44,9.67,273457129
2026-03-13,9.67,10.29,9.66,9.72,452727077
2026-03-14,9.72,9.78,9.53,9.73,180951387
2026-03-15,9.74,10.04,9.66,9.95,235048383
2026-03-16,9.97,10.52,9.89,10.48,530768463
2026-03-17,10.47,10.55,10.19,10.2,530768463
2026-03-18,10.21,10.36,9.49,9.69,419072470
2026-03-19,9.68,9.74,9.34,9.48,419072470
2026-03-20,9.48,9.65,9.42,9.57,246768714
2026-03-21,9.57,9.63,9.15,9.2,201754033
2026-03-22,9.19,9.35,8.88,9.02,231347138
2026-03-23,9.04,9.75,8.92,9.57,400452627
2026-03-24,9.58,9.63,9.35,9.61,244191861
2026-03-25,9.62,9.79,9.56,9.68,266472050
2026-03-26,9.68,9.69,8.98,9.1,266740607
2026-03-27,9.09,9.14,8.66,8.78,238899610
2026-03-28,8.78,8.98,8.7,8.75,142000931
2026-03-29,8.75,8.81,8.38,8.6,163224896
2026-03-30,8.6,9.07,8.56,8.8,201407189
2026-03-31,8.81,9.06,8.69,8.91,213249559
2026-04-01,8.91,9.47,8.86,9.13,350429317
2026-04-02,9.13,9.19,8.6,8.75,286740170
2026-04-03,8.76,9.14,8.73,8.91,183731306
2026-04-04,8.91,9.11,8.84,8.99,115007066
2026-04-05,8.99,9.09,8.75,9.06,132606668
2026-04-06,9.07,9.65,8.81,8.88,606342194
2026-04-07,8.87,9.61,8.47,9.42,606342194
2026-04-08,9.43,9.55,9.04,9.06,606342194
2026-04-09,9.05,9.7,8.92,9.36,355576360
2026-04-10,9.37,9.55,9.15,9.4,243563480
2026-04-11,9.4,9.61,9.2,9.37,228800379
2026-04-12,9.38,9.39,8.94,9.03,228800379
2026-04-13,9.03,9.71,8.97,9.67,372128256
2026-04-14,9.67,9.7,9.21,9.31,347228433
2026-04-15,9.31,9.56,9.26,9.44,272624599
2026-04-16,9.44,9.88,9.26,9.73,412457311
2026-04-17,9.73,10.01,9.46,9.73,391454512
2026-04-18,9.72,9.79,9.31,9.33,274115648
2026-04-19,9.33,9.36,8.98,9.02,293480999
2026-04-20,9.01,9.43,8.99,9.28,333426466
2026-04-21,9.28,9.53,9.18,9.4,294685056
2026-04-22,9.4,9.68,9.34,9.34,263297721
2026-04-23,9.35,9.45,9.17,9.39,234090147
2026-04-24,9.4,9.48,9.29,9.41,152314648
2026-04-25,9.41,9.5,9.29,9.37,121326224
2026-04-26,9.35,9.54,9.32,9.46,171665408
2026-04-27,9.47,9.56,9.09,9.26,210190702
2026-04-28,9.25,9.27,9.11,9.18,210190702
2026-04-29,9.17,9.44,8.92,9.12,245093888
2026-04-30,9.13,9.22,9.05,9.09,236947527
2026-05-01,9.09,9.27,9.06,9.08,144681657
2026-05-02,9.09,9.24,9.07,9.18,118291504
2026-05-03,9.19,9.2,8.97,9.08,182679984
2026-05-04,9.08,9.38,8.99,9.18,282519680
2026-05-05,9.18,9.55,9.18,9.41,237381344
2026-05-06,9.4,9.78,9.37,9.62,322394511
2026-05-07,9.62,9.7,9.38,9.51,251065462
2026-05-08,9.51,10.02,9.46,9.9,308386304
2026-05-09,9.91,10.12,9.8,9.96,207068724
2026-05-10,9.96,10.49,9.85,10.22,349433248
2026-05-11,10.23,10.27,9.97,10.13,255708282
2026-05-12,10.13,10.17,9.68,9.84,228491936
2026-05-13,9.84,10.16,9.62,9.76,237941872
2026-05-14,9.76,10.14,9.63,9.91,237671088
2026-05-15,9.92,9.96,9.41,9.53,202868172
2026-05-16,9.53,9.56,9.19,9.29,159680384
2026-05-17,9.29,9.42,8.95,9.19,168350816
2026-05-18,9.18,9.26,9.01,9.24,188390992
2026-05-19,9.24,9.31,9.02,9.09,188390992
2026-05-20,9.1,9.39,9.06,9.28,247829264
2026-05-21,9.29,9.5,9.25,9.44,359253730
2026-05-22,9.44,9.59,9.09,9.13,303929304
2026-05-23,9.13,9.57,8.81,9.38,375256688
2026-05-24,9.39,9.41,9.06,9.2,224585776
2026-05-25,9.2,9.49,9.15,9.3,274457121
2026-05-26,9.3,9.48,9.08,9.13,289611454
2026-05-27,9.13,9.27,8.98,9.03,286987107
2026-05-28,9.03,9.06,8.7,8.92,320046519
2026-05-29,8.92,8.99,8.64,8.82,270031382
2026-05-30,8.82,9.03,8.81,8.92,216024239
2026-05-31,8.94,9.06,8.79,8.97,219460937
2026-06-01,8.97,9.06,8.65,8.92,296482697
2026-06-02,8.92,8.93,8.02,8.17,327514289
2026-06-03,8.17,8.36,7.9,8.04,452616239
2026-06-04,8.04,8.1,7.51,7.69,486183517
2026-06-05,7.69,7.72,6.58,6.73,538532631
2026-06-06,6.74,6.93,6.23,6.67,299706702
2026-06-07,6.67,6.95,6.51,6.82,292133817
2026-06-08,6.82,6.9,6.54,6.77,294165996
2026-06-09,6.77,6.79,6.44,6.64,257328807
2026-06-10,6.65,6.68,6.3,6.38,312041811
2026-06-11,6.38,6.7,6.38,6.64,274658120
2026-06-12,6.64,6.69,6.51,6.57,208442319
2026-06-13,6.56,6.77,6.56,6.72,170442264
2026-06-14,6.71,6.79,6.38,6.78,226638541
2026-06-15,6.78,7.07,6.7,6.84,320384478
2026-06-16,6.83,7.04,6.71,6.88,294334784
2026-06-17,6.88,7.01,6.65,6.76,328686528
2026-06-18,6.76,6.8,6.21,6.31,373425408
2026-06-19,6.31,6.32,5.68,5.89,535275200
2026-06-20,5.89,6.26,5.82,6.24,424238976
2026-06-21,6.24,6.36,6.09,6.1,237725024
2026-06-22,6.11,6.47,6.1,6.23,250385169
2026-06-23,6.23,6.53,6.01,6.48,362717472
2026-06-24,6.48,6.53,5.99,6.43,327911008
2026-06-25,6.44,6.63,5.95,6.22,363860544
2026-06-26,6.23,6.62,5.95,6.62,337623200
2026-06-27,6.63,6.66,6.33,6.42,249601283
2026-06-28,6.41,6.47,6.27,6.44,218635888
2026-06-29,6.43,6.81,6.36,6.67,322961053
2026-06-30,6.67,6.68,6.38,6.53,252212736
2026-07-01,6.53,6.8,6.42,6.66,256711040
2026-07-02,6.65,6.88,6.61,6.79,247757104
2026-07-03,6.8,7.02,6.77,6.94,256993712
2026-07-04,6.93,7.11,6.81,6.96,216153184
2026-07-05,6.96,7.0,6.75,6.91,224588864
2026-07-06,6.92,7.08,6.71,6.93,248527296
2026-07-07,6.92,6.94,6.64,6.69,252718704
2026-07-08,6.69,6.69,6.32,6.47,253606064
2026-07-09,6.47,6.8,6.42,6.68,263114464
2026-07-10,6.68,6.82,6.64,6.73,185524717
2026-07-11,6.75,6.78,6.54,6.55,192445136
2026-07-12,6.54,6.54,6.28,6.4,239437321
2026-07-13,6.41,6.67,6.34,6.45,262561955
2026-07-14,6.45,6.71,6.41,6.7,227104688
2026-07-15,6.71,6.77,6.6,6.7,214365120
2026-07-16,6.7,6.74,6.48,6.51,242655600
2026-07-17,6.51,6.64,6.37,6.58,232943531
2026-07-18,6.58,6.66,6.51,6.57,222481840
2026-07-19,6.58,6.64,6.39,6.45,270959072
2026-07-20,6.44,6.64,6.44,6.57,293579834
2026-07-21,6.57,6.69,6.52,6.57,229698407
2026-07-22,6.57,6.66,6.46,6.62,213081024
2026-07-23,6.63,6.65,6.19,6.27,246747344
2026-07-24,6.26,6.32,6.14,6.3,251314698
2026-07-25,6.3,6.83,6.23,6.77,355165600
2026-07-26,6.77,6.83,6.64,6.74,231831283
2026-07-27,6.74,6.74,6.37,6.41,268196672
2026-07-28,6.4,6.62,6.36,6.57,228515968
2026-07-29,6.57,6.63,6.3,6.42,248440880
2026-07-30,6.42,6.51,6.39,6.43,202998080
2026-07-31,6.43,6.53,6.33,6.37,213991872
2026-08-01,6.38,6.44,6.04,6.19,205614944
2026-08-02,6.19,6.68,6.18,6.54,306238496
2026-08-03,6.54,6.591,6.36,6.566,300498951
2026-08-04,6.564,6.978,6.557,6.682,337674632
2026-08-05,6.682,6.715,6.53,6.654,337674632
2026-08-06,6.655,6.695,6.35,6.435,267587168
2026-08-07,6.432,6.518,6.357,6.428,214898864
2026-08-08,6.427,6.594,6.417,6.475,182022415
2026-08-09,6.475,6.58,6.381,6.416,169181520
2026-08-10,6.415,6.576,6.371,6.432,189028480
2026-08-11,6.43,6.55,6.109,6.317,236540864
2026-08-12,6.318,6.54,6.205,6.311,271333088
2026-08-13,6.31,6.545,6.304,6.451,247128640
2026-08-14,6.452,6.488,6.341,6.471,250612784
2026-08-15,6.472,6.861,6.3,6.327,316383502
2026-08-16,6.325,6.431,6.213,6.322,236899251
2026-08-17,6.322,6.394,6.286,6.349,221341968
2026-08-18,6.349,6.448,6.231,6.331,205733366
2026-08-19,6.332,6.87,6.282,6.773,408437376
2026-08-20,6.773,7.317,6.65,7.296,441562176
2026-08-21,7.294,7.893,7.216,7.837,566757504
2026-08-22,7.835,8.315,7.01,7.493,588999141
2026-08-23,7.494,7.675,7.274,7.609,320956480
2026-08-24,7.608,7.648,7.397,7.543,338152864
2026-08-25,7.542,7.732,7.237,7.326,288768841
2026-08-26,7.329,7.459,7.16,7.442,219825184
2026-08-27,7.436,7.58,7.295,7.531,296274944
2026-08-28,7.533,7.595,7.204,7.31,290006776
2026-08-29,7.31,7.369,7.226,7.33,171149424
2026-08-30,7.33,7.471,7.015,7.115,234370144
2026-08-31,7.113,7.264,7.08,7.231,183364096
